// model_float32.tflite — 25.2 KB
#ifndef MODEL_DATA_H
#define MODEL_DATA_H
#include <cstdint>

const unsigned int model_data_len = 25764;
alignas(8) const unsigned char model_data[] = {
  0x1c, 0x00, 0x00, 0x00, 0x54, 0x46, 0x4c, 0x33, 0x14, 0x00, 0x20, 0x00,
  0x1c, 0x00, 0x18, 0x00, 0x14, 0x00, 0x10, 0x00, 0x0c, 0x00, 0x00, 0x00,
  0x08, 0x00, 0x04, 0x00, 0x14, 0x00, 0x00, 0x00, 0x1c, 0x00, 0x00, 0x00,
  0x88, 0x00, 0x00, 0x00, 0xe0, 0x00, 0x00, 0x00, 0xf0, 0x3c, 0x00, 0x00,
  0x00, 0x3d, 0x00, 0x00, 0xd4, 0x63, 0x00, 0x00, 0x03, 0x00, 0x00, 0x00,
  0x01, 0x00, 0x00, 0x00, 0x04, 0x00, 0x00, 0x00, 0x72, 0xbe, 0xff, 0xff,
  0x0c, 0x00, 0x00, 0x00, 0x1c, 0x00, 0x00, 0x00, 0x3c, 0x00, 0x00, 0x00,
  0x0f, 0x00, 0x00, 0x00, 0x73, 0x65, 0x72, 0x76, 0x69, 0x6e, 0x67, 0x5f,
  0x64, 0x65, 0x66, 0x61, 0x75, 0x6c, 0x74, 0x00, 0x01, 0x00, 0x00, 0x00,
  0x04, 0x00, 0x00, 0x00, 0x94, 0xff, 0xff, 0xff, 0x30, 0x00, 0x00, 0x00,
  0x04, 0x00, 0x00, 0x00, 0x08, 0x00, 0x00, 0x00, 0x6f, 0x75, 0x74, 0x70,
  0x75, 0x74, 0x5f, 0x30, 0x00, 0x00, 0x00, 0x00, 0x01, 0x00, 0x00, 0x00,
  0x04, 0x00, 0x00, 0x00, 0xa6, 0xc2, 0xff, 0xff, 0x04, 0x00, 0x00, 0x00,
  0x0b, 0x00, 0x00, 0x00, 0x69, 0x6e, 0x70, 0x75, 0x74, 0x5f, 0x6c, 0x61,
  0x79, 0x65, 0x72, 0x00, 0x02, 0x00, 0x00, 0x00, 0x34, 0x00, 0x00, 0x00,
  0x04, 0x00, 0x00, 0x00, 0xdc, 0xff, 0xff, 0xff, 0x33, 0x00, 0x00, 0x00,
  0x04, 0x00, 0x00, 0x00, 0x13, 0x00, 0x00, 0x00, 0x43, 0x4f, 0x4e, 0x56,
  0x45, 0x52, 0x53, 0x49, 0x4f, 0x4e, 0x5f, 0x4d, 0x45, 0x54, 0x41, 0x44,
  0x41, 0x54, 0x41, 0x00, 0x08, 0x00, 0x0c, 0x00, 0x08, 0x00, 0x04, 0x00,
  0x08, 0x00, 0x00, 0x00, 0x32, 0x00, 0x00, 0x00, 0x04, 0x00, 0x00, 0x00,
  0x13, 0x00, 0x00, 0x00, 0x6d, 0x69, 0x6e, 0x5f, 0x72, 0x75, 0x6e, 0x74,
  0x69, 0x6d, 0x65, 0x5f, 0x76, 0x65, 0x72, 0x73, 0x69, 0x6f, 0x6e, 0x00,
  0x34, 0x00, 0x00, 0x00, 0x0c, 0x3c, 0x00, 0x00, 0x04, 0x3c, 0x00, 0x00,
  0x74, 0x3b, 0x00, 0x00, 0xe4, 0x3a, 0x00, 0x00, 0x94, 0x3a, 0x00, 0x00,
  0x64, 0x3a, 0x00, 0x00, 0x40, 0x3a, 0x00, 0x00, 0x24, 0x3a, 0x00, 0x00,
  0x08, 0x3a, 0x00, 0x00, 0xec, 0x39, 0x00, 0x00, 0xd0, 0x39, 0x00, 0x00,
  0xb4, 0x39, 0x00, 0x00, 0xa4, 0x21, 0x00, 0x00, 0x94, 0x1b, 0x00, 0x00,
  0x44, 0x16, 0x00, 0x00, 0xb4, 0x13, 0x00, 0x00, 0xa4, 0x03, 0x00, 0x00,
  0x14, 0x03, 0x00, 0x00, 0x84, 0x02, 0x00, 0x00, 0x54, 0x02, 0x00, 0x00,
  0x24, 0x02, 0x00, 0x00, 0xd4, 0x01, 0x00, 0x00, 0x84, 0x01, 0x00, 0x00,
  0x70, 0x01, 0x00, 0x00, 0x5c, 0x01, 0x00, 0x00, 0x54, 0x01, 0x00, 0x00,
  0x4c, 0x01, 0x00, 0x00, 0x44, 0x01, 0x00, 0x00, 0x3c, 0x01, 0x00, 0x00,
  0x34, 0x01, 0x00, 0x00, 0x2c, 0x01, 0x00, 0x00, 0x24, 0x01, 0x00, 0x00,
  0x1c, 0x01, 0x00, 0x00, 0x14, 0x01, 0x00, 0x00, 0x0c, 0x01, 0x00, 0x00,
  0x04, 0x01, 0x00, 0x00, 0xfc, 0x00, 0x00, 0x00, 0xf4, 0x00, 0x00, 0x00,
  0xec, 0x00, 0x00, 0x00, 0xe4, 0x00, 0x00, 0x00, 0xdc, 0x00, 0x00, 0x00,
  0xd4, 0x00, 0x00, 0x00, 0xcc, 0x00, 0x00, 0x00, 0xc4, 0x00, 0x00, 0x00,
  0xbc, 0x00, 0x00, 0x00, 0xb4, 0x00, 0x00, 0x00, 0xac, 0x00, 0x00, 0x00,
  0xa4, 0x00, 0x00, 0x00, 0x9c, 0x00, 0x00, 0x00, 0x94, 0x00, 0x00, 0x00,
  0x74, 0x00, 0x00, 0x00, 0x04, 0x00, 0x00, 0x00, 0xee, 0xc3, 0xff, 0xff,
  0x04, 0x00, 0x00, 0x00, 0x60, 0x00, 0x00, 0x00, 0x10, 0x00, 0x00, 0x00,
  0x00, 0x00, 0x00, 0x00, 0x08, 0x00, 0x0e, 0x00, 0x08, 0x00, 0x04, 0x00,
  0x08, 0x00, 0x00, 0x00, 0x10, 0x00, 0x00, 0x00, 0x24, 0x00, 0x00, 0x00,
  0x00, 0x00, 0x06, 0x00, 0x08, 0x00, 0x04, 0x00, 0x06, 0x00, 0x00, 0x00,
  0x04, 0x00, 0x00, 0x00, 0x00, 0x00, 0x00, 0x00, 0x0c, 0x00, 0x18, 0x00,
  0x14, 0x00, 0x10, 0x00, 0x0c, 0x00, 0x04, 0x00, 0x0c, 0x00, 0x00, 0x00,
  0x8f, 0x2a, 0x91, 0xa0, 0xf6, 0x71, 0xc3, 0x06, 0x02, 0x00, 0x00, 0x00,
  0x02, 0x00, 0x00, 0x00, 0x04, 0x00, 0x00, 0x00, 0x06, 0x00, 0x00, 0x00,
  0x32, 0x2e, 0x32, 0x31, 0x2e, 0x30, 0x00, 0x00, 0x5a, 0xc4, 0xff, 0xff,
  0x04, 0x00, 0x00, 0x00, 0x10, 0x00, 0x00, 0x00, 0x31, 0x2e, 0x31, 0x30,
  0x2e, 0x30, 0x00, 0x00, 0x00, 0x00, 0x00, 0x00, 0x00, 0x00, 0x00, 0x00,
  0xf8, 0x9d, 0xff, 0xff, 0xfc, 0x9d, 0xff, 0xff, 0x00, 0x9e, 0xff, 0xff,
  0x04, 0x9e, 0xff, 0xff, 0x08, 0x9e, 0xff, 0xff, 0x0c, 0x9e, 0xff, 0xff,
  0x10, 0x9e, 0xff, 0xff, 0x14, 0x9e, 0xff, 0xff, 0x18, 0x9e, 0xff, 0xff,
  0x1c, 0x9e, 0xff, 0xff, 0x20, 0x9e, 0xff, 0xff, 0x24, 0x9e, 0xff, 0xff,
  0x28, 0x9e, 0xff, 0xff, 0x2c, 0x9e, 0xff, 0xff, 0x30, 0x9e, 0xff, 0xff,
  0x34, 0x9e, 0xff, 0xff, 0x38, 0x9e, 0xff, 0xff, 0x3c, 0x9e, 0xff, 0xff,
  0x40, 0x9e, 0xff, 0xff, 0x44, 0x9e, 0xff, 0xff, 0x48, 0x9e, 0xff, 0xff,
  0x4c, 0x9e, 0xff, 0xff, 0x50, 0x9e, 0xff, 0xff, 0x54, 0x9e, 0xff, 0xff,
  0x58, 0x9e, 0xff, 0xff, 0xda, 0xc4, 0xff, 0xff, 0x04, 0x00, 0x00, 0x00,
  0x04, 0x00, 0x00, 0x00, 0xfd, 0xff, 0xff, 0xff, 0xea, 0xc4, 0xff, 0xff,
  0x04, 0x00, 0x00, 0x00, 0x04, 0x00, 0x00, 0x00, 0x01, 0x00, 0x00, 0x00,
  0xfa, 0xc4, 0xff, 0xff, 0x04, 0x00, 0x00, 0x00, 0x40, 0x00, 0x00, 0x00,
  0x4a, 0xe1, 0xda, 0x3f, 0x96, 0x5d, 0x9e, 0x40, 0x06, 0x1b, 0x71, 0x40,
  0x25, 0xc1, 0x3e, 0x40, 0xd8, 0x6e, 0x44, 0x40, 0xcf, 0x2b, 0x0f, 0x40,
  0x75, 0xb4, 0x24, 0x40, 0xef, 0xf7, 0x9d, 0x40, 0x35, 0x00, 0xe6, 0x3f,
  0x7a, 0x22, 0x73, 0x40, 0x13, 0xf0, 0xed, 0x3f, 0xac, 0xf5, 0xcd, 0x3f,
  0xf3, 0x83, 0x01, 0x40, 0x01, 0x2d, 0xec, 0x3f, 0x92, 0x76, 0x9d, 0x3f,
  0x74, 0x46, 0x1d, 0x40, 0x46, 0xc5, 0xff, 0xff, 0x04, 0x00, 0x00, 0x00,
  0x40, 0x00, 0x00, 0x00, 0x56, 0x0d, 0x09, 0xbf, 0x44, 0xba, 0xaf, 0xbe,
  0x8a, 0x73, 0xbf, 0xbe, 0xe8, 0x86, 0xbe, 0xbe, 0xff, 0xbe, 0x31, 0xbf,
  0x6f, 0x60, 0x56, 0xbf, 0x25, 0x19, 0x3d, 0xbf, 0x70, 0x00, 0x04, 0xbf,
  0x0d, 0xed, 0x32, 0xbf, 0x7b, 0x66, 0x31, 0xbf, 0xc0, 0x33, 0x39, 0xbf,
  0xcf, 0x77, 0xbc, 0xbe, 0x90, 0xc5, 0x04, 0xbf, 0xcd, 0x62, 0x3f, 0xbf,
  0xe2, 0x43, 0x2e, 0xbf, 0xc8, 0xb8, 0x40, 0xbf, 0x92, 0xc5, 0xff, 0xff,
  0x04, 0x00, 0x00, 0x00, 0x20, 0x00, 0x00, 0x00, 0xb0, 0x52, 0x75, 0x3c,
  0x08, 0x39, 0xa7, 0x41, 0xd0, 0xf5, 0x22, 0x3d, 0xc3, 0xa8, 0xd7, 0x3d,
  0x72, 0xd1, 0xf1, 0x3e, 0xc3, 0xcf, 0x4b, 0x3c, 0x00, 0xfa, 0x83, 0x3d,
  0x02, 0x07, 0xa3, 0x3c, 0xbe, 0xc5, 0xff, 0xff, 0x04, 0x00, 0x00, 0x00,
  0x20, 0x00, 0x00, 0x00, 0x40, 0xeb, 0x99, 0xbf, 0x89, 0x07, 0x81, 0x3d,
  0x72, 0x48, 0x95, 0xbf, 0xfc, 0x1f, 0xf1, 0xbe, 0x24, 0xe1, 0x81, 0xbe,
  0xef, 0x91, 0x99, 0xbf, 0xed, 0x12, 0xb0, 0xbf, 0xca, 0xd2, 0x80, 0xbf,
  0xea, 0xc5, 0xff, 0xff, 0x04, 0x00, 0x00, 0x00, 0x80, 0x00, 0x00, 0x00,
  0x02, 0xdb, 0x27, 0x40, 0xec, 0xbb, 0x03, 0x40, 0xea, 0x42, 0x97, 0x3f,
  0xc8, 0xee, 0x3f, 0x40, 0x24, 0x60, 0x6d, 0x40, 0x50, 0x42, 0x14, 0x40,
  0x61, 0xfb, 0x34, 0x40, 0x07, 0x60, 0x05, 0x40, 0x5e, 0x83, 0x3c, 0x40,
  0xc0, 0xdd, 0x33, 0x40, 0x36, 0x85, 0xc6, 0x3f, 0x62, 0x15, 0x93, 0x40,
  0x36, 0x68, 0x20, 0x40, 0xf1, 0x01, 0x24, 0x40, 0x59, 0x26, 0x19, 0x40,
  0x65, 0x36, 0x52, 0x40, 0x0e, 0x31, 0x34, 0x40, 0x5b, 0xa9, 0xbb, 0x3f,
  0xf4, 0x74, 0xf9, 0x3f, 0xb9, 0x15, 0x22, 0x40, 0x5b, 0x2e, 0xbd, 0x3f,
  0xbb, 0x0d, 0xa1, 0x3f, 0x44, 0x2f, 0xb2, 0x3f, 0x6e, 0xb9, 0x88, 0x40,
  0x11, 0xc5, 0x06, 0x40, 0xd7, 0x26, 0x30, 0x40, 0xb0, 0xcb, 0xfb, 0x3f,
  0x51, 0x29, 0x1e, 0x40, 0xda, 0x10, 0x94, 0x40, 0xe1, 0xb7, 0xf1, 0x3f,
  0xb3, 0xbf, 0x66, 0x40, 0x8b, 0x86, 0xd7, 0x3f, 0x76, 0xc6, 0xff, 0xff,
  0x04, 0x00, 0x00, 0x00, 0x80, 0x00, 0x00, 0x00, 0x22, 0xab, 0x34, 0xbf,
  0x96, 0x32, 0x50, 0xbf, 0x80, 0x8c, 0x26, 0xbf, 0x85, 0x67, 0x3b, 0xbf,
  0x52, 0xe2, 0xee, 0xbe, 0xf0, 0x3f, 0x31, 0xbf, 0xf9, 0x7f, 0x1c, 0xbf,
  0xec, 0xc0, 0x1f, 0xbf, 0xb6, 0x16, 0x39, 0xbf, 0xf0, 0x13, 0x52, 0xbf,
  0x06, 0x11, 0x15, 0xbf, 0x3a, 0x5e, 0x3f, 0xbf, 0x91, 0x9a, 0xf9, 0xbe,
  0x73, 0x83, 0x5d, 0xbf, 0xda, 0x53, 0xf0, 0xbe, 0xbc, 0xd7, 0x8d, 0xbf,
  0x12, 0x6e, 0x6a, 0xbf, 0xbf, 0x7a, 0x37, 0xbf, 0x7c, 0x41, 0x01, 0xbf,
  0x7f, 0x51, 0x0b, 0xbf, 0xd2, 0x84, 0x49, 0xbf, 0xab, 0x73, 0x20, 0xbf,
  0x90, 0xc8, 0xce, 0xbe, 0x00, 0xa1, 0x23, 0xbf, 0x3b, 0x9b, 0x47, 0xbf,
  0x7b, 0x3c, 0x30, 0xbf, 0x0b, 0x78, 0xf1, 0xbe, 0x3b, 0x36, 0x0b, 0xbf,
  0xaf, 0x3a, 0x35, 0xbf, 0xa2, 0x3e, 0x22, 0xbf, 0xc6, 0x4c, 0x01, 0xbf,
  0x01, 0x2e, 0xeb, 0xbe, 0x02, 0xc7, 0xff, 0xff, 0x04, 0x00, 0x00, 0x00,
  0x00, 0x10, 0x00, 0x00, 0xd4, 0x4b, 0x96, 0xbd, 0xc6, 0xae, 0x9d, 0xbe,
  0x84, 0x16, 0x56, 0xbd, 0x1f, 0x90, 0x66, 0x3e, 0x91, 0xfa, 0x90, 0x3e,
  0xe2, 0x4e, 0x59, 0xbe, 0x4b, 0xec, 0xb8, 0xbd, 0x4d, 0x6f, 0xc5, 0x3d,
  0xf3, 0xea, 0x76, 0xbe, 0x66, 0xf7, 0xed, 0xbd, 0xab, 0x88, 0x0f, 0x3e,
  0x9f, 0x74, 0x00, 0xbe, 0x2f, 0x10, 0xa4, 0x3e, 0xab, 0x9b, 0x8a, 0xbe,
  0xf2, 0xa2, 0x52, 0x3e, 0x77, 0x75, 0xca, 0xbd, 0x74, 0x59, 0xbf, 0xbe,
  0x30, 0x3e, 0x76, 0xbe, 0x78, 0x97, 0xcf, 0xbc, 0xf8, 0xfb, 0xac, 0x3e,
  0x0b, 0xfd, 0x78, 0xbc, 0x2f, 0xf2, 0x40, 0x3d, 0xdc, 0x41, 0x9e, 0xbe,
  0x5f, 0x11, 0x84, 0x3e, 0xfa, 0x5a, 0x72, 0xbe, 0x6b, 0xb8, 0xb3, 0xbe,
  0x24, 0x98, 0x01, 0xbe, 0xb9, 0x46, 0xfd, 0xbc, 0xd5, 0xd7, 0x4f, 0x3a,
  0x3a, 0x17, 0x94, 0x3c, 0xf4, 0x9d, 0xa3, 0xbd, 0xbc, 0x09, 0x0b, 0x3e,
  0x2a, 0x93, 0x21, 0x3d, 0x32, 0xf5, 0x02, 0x3e, 0x95, 0x89, 0xa5, 0xbd,
  0xe4, 0xe7, 0x27, 0x3e, 0x05, 0x80, 0xc2, 0xbe, 0xe2, 0x32, 0xa3, 0xbe,
  0x71, 0x84, 0x36, 0xbe, 0x51, 0x66, 0x6c, 0xbe, 0x65, 0x42, 0x4a, 0xbd,
  0x45, 0xf9, 0xf4, 0x3d, 0x5d, 0x14, 0x21, 0xbe, 0xf1, 0x02, 0x03, 0xbe,
  0x07, 0x06, 0x95, 0xbe, 0x28, 0x4a, 0xac, 0xbe, 0x45, 0xa7, 0xd6, 0xbd,
  0xa4, 0x60, 0x0a, 0x3e, 0x48, 0x40, 0x4a, 0x3e, 0xb6, 0x49, 0xa1, 0xbe,
  0x0f, 0x78, 0xb8, 0xbe, 0x8d, 0xef, 0x3e, 0x3e, 0xd5, 0x42, 0x54, 0x3d,
  0x45, 0x09, 0xfd, 0xbd, 0xf2, 0x39, 0xa1, 0xbe, 0xc9, 0x0e, 0x6b, 0x3e,
  0x9c, 0xe3, 0x5b, 0x3e, 0xc2, 0x52, 0x7c, 0x3e, 0x57, 0x49, 0x0b, 0x3e,
  0xec, 0x56, 0x34, 0xbe, 0xf5, 0x5b, 0x0f, 0x3e, 0xdc, 0x86, 0x9d, 0x3d,
  0x46, 0x60, 0x85, 0xbe, 0x86, 0xe6, 0x4d, 0x3e, 0xa4, 0x20, 0xef, 0x3b,
  0xab, 0x6c, 0x94, 0xbe, 0x09, 0x87, 0x7b, 0x3e, 0x75, 0x22, 0x4a, 0xbe,
  0x06, 0xcd, 0xac, 0xbd, 0x28, 0x6a, 0x19, 0xbe, 0x8a, 0x8a, 0x19, 0x3e,
  0x3d, 0x10, 0x41, 0xbd, 0x37, 0x3f, 0xaf, 0x3c, 0xf4, 0x70, 0xa7, 0xbe,
  0x4f, 0x3a, 0x8d, 0xbe, 0x8b, 0x72, 0x4c, 0xbe, 0xd7, 0xb3, 0x68, 0x3d,
  0x9c, 0xa9, 0x21, 0x3e, 0x77, 0x22, 0x8b, 0xbe, 0xab, 0xfd, 0x15, 0x3c,
  0xb9, 0x46, 0x5e, 0x3c, 0x52, 0x21, 0xe4, 0x3d, 0xeb, 0x6f, 0x8a, 0xbb,
  0x20, 0xa7, 0x91, 0xbd, 0x8d, 0x87, 0x4d, 0xbe, 0x7e, 0x03, 0x16, 0x3e,
  0xa5, 0x01, 0x8c, 0xbd, 0xc4, 0xcf, 0x68, 0x3b, 0x06, 0x11, 0x5f, 0xbc,
  0xc5, 0x1f, 0xaa, 0x3e, 0xde, 0x87, 0xb0, 0xbd, 0x39, 0xa5, 0x7b, 0xbd,
  0x74, 0xd0, 0x90, 0xbe, 0x4a, 0x87, 0x7e, 0xbe, 0xd0, 0xee, 0x9f, 0x3a,
  0xdc, 0x13, 0x8a, 0xbe, 0x2d, 0xcd, 0x91, 0xbe, 0x14, 0x56, 0x99, 0x3d,
  0xcc, 0x2b, 0x9b, 0x3d, 0xea, 0x5e, 0x0d, 0xbd, 0xc9, 0xe5, 0xa6, 0xbe,
  0xed, 0x7c, 0x86, 0x3e, 0x68, 0x6e, 0x29, 0x3e, 0x49, 0x6b, 0x38, 0x3e,
  0x2e, 0xda, 0x29, 0x3e, 0x61, 0x48, 0x33, 0x3e, 0x5a, 0xac, 0x2f, 0xbe,
  0xf3, 0x82, 0x28, 0x3d, 0xb3, 0x30, 0xe3, 0x3d, 0xc8, 0x8e, 0x0e, 0x3e,
  0x61, 0x66, 0xed, 0xbe, 0xf0, 0x53, 0xaf, 0x3e, 0xde, 0x4f, 0x7f, 0x3c,
  0x1e, 0xe4, 0x35, 0x3e, 0x05, 0x3a, 0x00, 0xbe, 0x7e, 0x64, 0x21, 0xbe,
  0x07, 0x17, 0x35, 0xbe, 0x30, 0x4f, 0x54, 0x3e, 0xb0, 0x32, 0x6b, 0xbe,
  0x12, 0x8d, 0x55, 0x3c, 0x26, 0x3e, 0x0a, 0x3d, 0x26, 0xdc, 0x02, 0xbe,
  0x65, 0xdb, 0xf2, 0x3d, 0xcb, 0xe0, 0x92, 0xbe, 0xc9, 0x4a, 0x95, 0xbb,
  0x84, 0x97, 0x74, 0xbe, 0x19, 0x46, 0xd8, 0x3d, 0x6e, 0x72, 0x61, 0xbd,
  0x32, 0x16, 0xcc, 0x3e, 0xc9, 0x05, 0x5d, 0xbe, 0x35, 0x3a, 0xa4, 0x3d,
  0xf0, 0xb4, 0x7a, 0x3d, 0x97, 0x3d, 0xe3, 0x3e, 0x95, 0x62, 0x62, 0xbd,
  0x1f, 0x6c, 0x5a, 0x3e, 0x2d, 0xf9, 0xb9, 0xbe, 0x11, 0x6b, 0x3d, 0x3e,
  0xca, 0x9b, 0x9f, 0x3e, 0xc3, 0xde, 0x59, 0x3e, 0xdc, 0xa8, 0x8b, 0xbe,
  0xf8, 0xf5, 0x0f, 0xbe, 0xd1, 0x04, 0x78, 0xbd, 0x65, 0xf6, 0xe5, 0x3c,
  0xd3, 0xe2, 0x81, 0xbe, 0x6a, 0x20, 0x41, 0x3d, 0x57, 0x7f, 0x39, 0xbc,
  0xa2, 0x7e, 0x21, 0x3d, 0x34, 0xea, 0x77, 0xbe, 0xf2, 0x63, 0x01, 0x3e,
  0x51, 0xe6, 0x15, 0x3e, 0x50, 0xa6, 0xd1, 0xbd, 0x56, 0x43, 0x8a, 0x3b,
  0x3c, 0x9f, 0x2b, 0x3e, 0x71, 0x46, 0xa7, 0x3d, 0xb9, 0x98, 0x88, 0x3e,
  0xe7, 0x3e, 0xa8, 0x3d, 0x09, 0x8b, 0x98, 0xbe, 0xa1, 0xad, 0x12, 0x3e,
  0xf5, 0x8d, 0x9a, 0xba, 0x05, 0xac, 0xe5, 0xbd, 0x1a, 0x0f, 0x11, 0x3e,
  0xb4, 0xde, 0xc4, 0x3d, 0x2a, 0x33, 0x4c, 0xbc, 0xb8, 0xa4, 0xad, 0x3e,
  0x3f, 0x30, 0xb6, 0xbd, 0xab, 0x5a, 0x43, 0x3e, 0x9b, 0x62, 0x78, 0xbd,
  0x73, 0x24, 0xf7, 0x3d, 0x35, 0x1d, 0x81, 0xbe, 0xc8, 0x2e, 0x1e, 0x3e,
  0x0b, 0x5e, 0x94, 0x3e, 0xd8, 0x5b, 0xe8, 0x3d, 0x3c, 0xd1, 0x35, 0x3e,
  0x75, 0x73, 0x1c, 0x3e, 0x24, 0x86, 0x3f, 0x3e, 0x8f, 0xe0, 0xc1, 0x3d,
  0x77, 0xe0, 0x67, 0xbe, 0x0d, 0x39, 0x81, 0x3e, 0x02, 0xa4, 0x7d, 0x3e,
  0x5f, 0x74, 0x74, 0xbe, 0x04, 0xe9, 0xe5, 0xbd, 0x04, 0xcc, 0xb0, 0x3d,
  0xb7, 0xec, 0xde, 0xbd, 0x39, 0x2d, 0x19, 0xbd, 0x07, 0x14, 0xb6, 0x3e,
  0xea, 0x32, 0x78, 0xbd, 0x3d, 0xb5, 0xdb, 0xbd, 0xc2, 0xd8, 0xd3, 0x3d,
  0x4b, 0xc3, 0x92, 0x3c, 0x40, 0xeb, 0xa9, 0xbd, 0x9e, 0xd3, 0xa5, 0x3e,
  0x34, 0xf7, 0x9f, 0x3e, 0x21, 0x87, 0x83, 0xbd, 0x41, 0x8e, 0xb5, 0x3c,
  0x81, 0x1c, 0x86, 0xbe, 0xd5, 0x73, 0x9f, 0x3d, 0x70, 0x1c, 0xa8, 0x3e,
  0x67, 0xfe, 0xe7, 0x3d, 0xbd, 0xe9, 0x0a, 0xbe, 0x75, 0xc1, 0xfd, 0xba,
  0xc6, 0xe7, 0x83, 0xbe, 0x8c, 0xb6, 0xab, 0xbe, 0xf2, 0xe4, 0x45, 0xbe,
  0x87, 0xda, 0xc8, 0xbd, 0x00, 0x25, 0x5f, 0x3e, 0xbd, 0x2f, 0xa9, 0x3d,
  0x38, 0x09, 0x31, 0xbe, 0x15, 0x49, 0xcd, 0xbe, 0x33, 0xdc, 0xa0, 0xbd,
  0xe5, 0x0c, 0x32, 0x3e, 0x7b, 0xf0, 0x38, 0x3e, 0x57, 0x46, 0x24, 0xbe,
  0x03, 0xbf, 0xcb, 0xbe, 0x42, 0x71, 0x39, 0xbe, 0xd8, 0x16, 0x3c, 0x3e,
  0xd3, 0xf3, 0xc8, 0xbe, 0x0d, 0x29, 0x3d, 0xbd, 0x83, 0x08, 0xd5, 0xbc,
  0x8c, 0xf4, 0xac, 0x3e, 0x41, 0x85, 0xc8, 0xbe, 0x41, 0xc5, 0xa4, 0xbe,
  0x61, 0x1a, 0xba, 0xbd, 0x1c, 0x25, 0x23, 0x3e, 0x87, 0xd0, 0xad, 0xbd,
  0x34, 0x1f, 0x76, 0xbe, 0x49, 0x1e, 0x69, 0xbe, 0xbf, 0x55, 0x4a, 0xbe,
  0x7b, 0xdc, 0x89, 0x3d, 0x2b, 0x47, 0x05, 0x3e, 0x59, 0x17, 0x8b, 0xbd,
  0x39, 0x6f, 0x61, 0xbe, 0x68, 0x63, 0x4b, 0xbe, 0xd8, 0x3d, 0x35, 0x3e,
  0x25, 0x7d, 0x37, 0xbe, 0xa3, 0x44, 0xbb, 0xbd, 0xae, 0x5a, 0x2c, 0xbe,
  0xb1, 0x20, 0x94, 0x3d, 0x0d, 0x09, 0x26, 0x3e, 0x8e, 0xe2, 0xa2, 0xbd,
  0x85, 0x31, 0x82, 0x3d, 0x62, 0xf4, 0x48, 0x3e, 0x00, 0x59, 0x67, 0x3a,
  0x2d, 0x78, 0xbb, 0xbd, 0xb7, 0x9e, 0x5c, 0x3e, 0xb4, 0xe7, 0xb6, 0x3e,
  0xdc, 0x1b, 0x70, 0xbe, 0x19, 0x31, 0x13, 0xbe, 0x4a, 0xd1, 0xa1, 0x3d,
  0x36, 0x43, 0x10, 0x3e, 0x63, 0x05, 0x6f, 0x3e, 0x37, 0xfc, 0x14, 0xbd,
  0xec, 0xa1, 0x56, 0xbe, 0x10, 0xcf, 0x63, 0x3c, 0x6b, 0x1f, 0x03, 0xbe,
  0xee, 0x52, 0x6a, 0xbd, 0x44, 0xdf, 0x1a, 0x3e, 0xce, 0x05, 0x0b, 0xbe,
  0x2c, 0xd9, 0x98, 0xbe, 0xdc, 0x96, 0xea, 0xbc, 0x55, 0x6e, 0xc8, 0xbe,
  0x06, 0x9f, 0xdb, 0xba, 0x6a, 0x51, 0x1e, 0x3e, 0xde, 0xcc, 0x51, 0xbe,
  0x2f, 0x5b, 0x59, 0x3e, 0xa2, 0x3f, 0x1d, 0x3e, 0x80, 0x18, 0xba, 0x3e,
  0x9a, 0xd0, 0x33, 0xbe, 0x58, 0x01, 0x29, 0xbe, 0x0d, 0xf6, 0xa5, 0xbe,
  0x2b, 0x79, 0x9d, 0x3c, 0x6e, 0x92, 0x67, 0xbd, 0x59, 0x76, 0xdc, 0x3d,
  0x26, 0xfa, 0xbd, 0x3e, 0x88, 0x9c, 0x9b, 0xbe, 0xcf, 0xcb, 0xfd, 0x3d,
  0xb5, 0x5d, 0x9c, 0xbe, 0x46, 0xac, 0xb4, 0xbe, 0x83, 0x62, 0x88, 0xbe,
  0x73, 0x77, 0x94, 0x3e, 0xc1, 0x6f, 0x59, 0x3e, 0x33, 0x58, 0x7f, 0x3d,
  0x19, 0xa3, 0x05, 0x3e, 0xe2, 0xdb, 0x1f, 0x3e, 0x3c, 0xc2, 0x8e, 0x3d,
  0xc7, 0xe9, 0x91, 0x3e, 0xfb, 0x88, 0xd6, 0xbc, 0x70, 0x91, 0x9f, 0xbe,
  0x24, 0x01, 0x6a, 0x3e, 0x94, 0x94, 0x1a, 0x3e, 0xf8, 0xbe, 0x12, 0x3d,
  0x8c, 0xa1, 0x35, 0x3e, 0xf7, 0xfe, 0xa1, 0x3e, 0x69, 0x08, 0x8a, 0xbd,
  0x0c, 0x2c, 0x25, 0xbe, 0x97, 0xe9, 0x2d, 0xbe, 0xd9, 0xb5, 0x91, 0xbd,
  0x7b, 0x46, 0x47, 0x3e, 0x4d, 0xd7, 0x6c, 0x3e, 0x41, 0x43, 0x9b, 0x3c,
  0x49, 0xf7, 0x42, 0x3c, 0x9d, 0x25, 0xbd, 0xbd, 0xe8, 0x75, 0xa7, 0xbe,
  0xda, 0x1b, 0x9b, 0x3c, 0x9f, 0x58, 0x0a, 0xbd, 0xe7, 0x34, 0x7d, 0x3e,
  0x9d, 0x9b, 0x8b, 0xbe, 0xac, 0xe8, 0xa8, 0xbe, 0xfa, 0x59, 0x8b, 0x3e,
  0x99, 0x1c, 0x9c, 0xbd, 0xe2, 0x52, 0x3d, 0x3e, 0x50, 0x6d, 0x22, 0x3e,
  0x21, 0x0f, 0xae, 0xbd, 0x48, 0xdd, 0x26, 0xbe, 0x7f, 0xfe, 0x89, 0xbe,
  0x15, 0x28, 0x51, 0x3e, 0x1b, 0x58, 0x01, 0xbd, 0xf5, 0x3b, 0x45, 0xbe,
  0x7a, 0x1d, 0xad, 0x3d, 0x47, 0xe8, 0xb7, 0x3d, 0x5c, 0x5d, 0x78, 0x3b,
  0xca, 0x9e, 0x8a, 0x3e, 0x85, 0x24, 0x9c, 0x3e, 0x52, 0x23, 0x1a, 0x3e,
  0x23, 0x9d, 0xb4, 0x3d, 0x5f, 0x7d, 0xc5, 0xbe, 0x98, 0x95, 0x5d, 0x3e,
  0x5c, 0x04, 0x88, 0xbd, 0x1c, 0x7e, 0x66, 0x3e, 0xd9, 0xe2, 0xf5, 0x3d,
  0x72, 0xe7, 0x43, 0x3e, 0x3a, 0x84, 0x55, 0x3e, 0x1e, 0xc2, 0x42, 0xbe,
  0x6e, 0x51, 0x64, 0xbe, 0xa0, 0xf3, 0xd8, 0x3d, 0x6c, 0x01, 0x00, 0x3e,
  0xf7, 0x92, 0xba, 0x3e, 0xb5, 0xa6, 0xb7, 0x3d, 0xa5, 0xb5, 0x13, 0x3e,
  0x39, 0xf4, 0x8c, 0xbe, 0x7f, 0x49, 0x5e, 0x3e, 0x03, 0x6d, 0x6c, 0xbe,
  0xdb, 0xaa, 0x0d, 0xbe, 0xba, 0x66, 0xe7, 0x3d, 0x1e, 0xce, 0x83, 0xbe,
  0x1b, 0xd6, 0x8b, 0x3e, 0x68, 0xc0, 0xa8, 0xbe, 0xcc, 0x82, 0xe1, 0x3d,
  0x1b, 0xc8, 0x7e, 0x3e, 0xe4, 0x60, 0x9d, 0x3d, 0xa4, 0x29, 0x7a, 0x3e,
  0xee, 0xb3, 0x18, 0xbe, 0x91, 0x85, 0x80, 0x3e, 0xca, 0x54, 0x9d, 0x3d,
  0x71, 0x2f, 0xc6, 0x3e, 0x7a, 0xdc, 0x9a, 0xbe, 0x11, 0xd8, 0x16, 0xbd,
  0xba, 0x44, 0x04, 0xbe, 0x78, 0x9e, 0x1e, 0x3e, 0x3d, 0xb7, 0x50, 0xbe,
  0x6a, 0x62, 0x95, 0xbe, 0x31, 0x8b, 0x21, 0x3e, 0x45, 0xc7, 0xdd, 0x3d,
  0x80, 0x31, 0x0f, 0xbe, 0x1a, 0x38, 0xa4, 0x3e, 0x67, 0x9e, 0x37, 0x3e,
  0x06, 0x2c, 0xba, 0xbe, 0x10, 0x65, 0x93, 0xbe, 0x82, 0x6e, 0x17, 0xbe,
  0xa0, 0x9f, 0x2f, 0x3e, 0xcc, 0xda, 0x5e, 0xbc, 0xed, 0x22, 0x05, 0xbe,
  0xf7, 0x05, 0x02, 0x3e, 0xb1, 0x5b, 0x0c, 0x3e, 0xf3, 0x5a, 0x55, 0x3d,
  0x0f, 0x98, 0x83, 0x3d, 0xe9, 0xe3, 0x74, 0xbe, 0x4a, 0xd0, 0xf0, 0x3d,
  0x42, 0x7e, 0x8f, 0x3d, 0x94, 0x54, 0x31, 0x3e, 0x7f, 0xed, 0x85, 0xbe,
  0x56, 0xf9, 0x61, 0x3d, 0x9d, 0xd0, 0x7f, 0x3e, 0x6f, 0x56, 0xb6, 0xbd,
  0x78, 0x83, 0x59, 0x3a, 0xe3, 0xcc, 0x22, 0xbe, 0xdf, 0x3f, 0x87, 0x3e,
  0xc2, 0x0a, 0x90, 0x3e, 0x68, 0x73, 0x3e, 0x3e, 0x24, 0x7f, 0x53, 0xbe,
  0xc0, 0xe8, 0x76, 0x3c, 0xe9, 0xc9, 0x1a, 0xbe, 0xb1, 0x55, 0x9b, 0x3e,
  0xfc, 0x13, 0x2c, 0xbb, 0xe6, 0xe4, 0xf6, 0xbb, 0x96, 0x1e, 0x2d, 0xbe,
  0xc8, 0x57, 0x0a, 0x3e, 0x60, 0x43, 0x88, 0xbd, 0x13, 0x91, 0x88, 0xbe,
  0x9d, 0x97, 0xe8, 0x3e, 0x01, 0xec, 0x0b, 0xbc, 0x48, 0x28, 0xb4, 0xbe,
  0x9a, 0xf2, 0x80, 0xbe, 0x83, 0xd0, 0x1a, 0xbe, 0xec, 0x75, 0xf1, 0xbd,
  0x21, 0x2d, 0x8f, 0x3c, 0x59, 0xe4, 0xc8, 0x3d, 0xbb, 0x8a, 0xf4, 0x3d,
  0xea, 0xa1, 0xbb, 0xbe, 0x36, 0x4c, 0xad, 0x3d, 0x49, 0x77, 0x5c, 0xbe,
  0x11, 0x16, 0x5b, 0x3d, 0x50, 0xe5, 0x0f, 0x3d, 0x4c, 0x7f, 0x18, 0xbd,
  0x40, 0x74, 0xaf, 0x3e, 0x71, 0x93, 0x03, 0x3e, 0x29, 0x71, 0x91, 0xbd,
  0x6f, 0x5d, 0xb2, 0xbd, 0x0a, 0x31, 0xbb, 0xbe, 0xad, 0x42, 0x7e, 0x3c,
  0x2b, 0xc6, 0xef, 0xbd, 0xaf, 0xf9, 0xc5, 0x3e, 0x57, 0xd6, 0x42, 0xbe,
  0x88, 0xdc, 0x98, 0x3e, 0x57, 0x4b, 0x8c, 0xbd, 0x7f, 0xc1, 0x46, 0xbe,
  0x70, 0x09, 0x5c, 0xbe, 0x63, 0x8e, 0xe5, 0x3d, 0xef, 0x2b, 0x89, 0xbe,
  0x6e, 0xcb, 0xe3, 0xbd, 0x57, 0x4f, 0xc7, 0x3e, 0x82, 0x6b, 0x6f, 0xbd,
  0x62, 0x5d, 0xe3, 0xbe, 0x71, 0xd3, 0x48, 0xbe, 0x44, 0x3a, 0xe7, 0xbd,
  0x5a, 0x3a, 0x54, 0x3e, 0x35, 0x6a, 0xc4, 0xbc, 0x4f, 0xa3, 0x6e, 0xbe,
  0xcd, 0xea, 0x15, 0x3d, 0xbb, 0x76, 0x46, 0xbe, 0x6c, 0xa6, 0x5f, 0x3c,
  0xd1, 0x93, 0xf0, 0x3e, 0xe8, 0x8e, 0x5c, 0xbe, 0x2e, 0xda, 0x3e, 0x3e,
  0xc0, 0x43, 0xf7, 0xbd, 0x39, 0xec, 0x06, 0x3e, 0x15, 0x21, 0x57, 0x3d,
  0x5b, 0x8a, 0x24, 0xbe, 0xcb, 0x29, 0x75, 0x3e, 0xc8, 0x85, 0x03, 0x3e,
  0x02, 0xf1, 0xe1, 0x3d, 0xfe, 0xe6, 0x76, 0xbe, 0xff, 0xae, 0xb0, 0xbd,
  0xd6, 0xb6, 0x7b, 0x3e, 0xfd, 0x9d, 0xc2, 0x3d, 0xfe, 0x32, 0x25, 0x3e,
  0x12, 0xe2, 0x36, 0xbc, 0x53, 0x22, 0x80, 0xbe, 0x34, 0xc6, 0x8f, 0xbe,
  0xa4, 0x08, 0x90, 0xbe, 0x99, 0xe6, 0x7e, 0xbe, 0x07, 0x7a, 0xaa, 0x3e,
  0xaf, 0x59, 0x0c, 0xbc, 0x06, 0xb1, 0x39, 0xbe, 0x5b, 0x5b, 0x24, 0xbc,
  0x64, 0x63, 0xce, 0xbe, 0xed, 0xbf, 0xd7, 0xbd, 0xae, 0xd5, 0x26, 0xbe,
  0x5a, 0x63, 0x9d, 0xbe, 0x2b, 0x82, 0x51, 0x3d, 0x92, 0xe0, 0x79, 0x3e,
  0x34, 0xea, 0x59, 0xbe, 0x6b, 0x3e, 0x90, 0x3e, 0x1b, 0x9e, 0xb6, 0x3d,
  0xea, 0xf9, 0x60, 0xbe, 0xf5, 0x8d, 0xd8, 0x3d, 0x9a, 0xbd, 0xc6, 0xbe,
  0x6c, 0x01, 0xd2, 0xbe, 0xba, 0x7c, 0x0c, 0xbe, 0xb4, 0xaf, 0xb4, 0xbc,
  0xe9, 0x43, 0x20, 0xbe, 0x15, 0xea, 0xe5, 0xbd, 0x1f, 0xc8, 0xd0, 0x3d,
  0x29, 0x08, 0x13, 0xbd, 0x04, 0xcb, 0x84, 0x3e, 0x14, 0x94, 0xb4, 0xbd,
  0x98, 0xfa, 0x3a, 0x3e, 0x2c, 0x8c, 0x00, 0xbe, 0xdf, 0x0f, 0xde, 0x3e,
  0x40, 0x43, 0x54, 0xbe, 0x23, 0x92, 0x88, 0xbe, 0xdd, 0xdf, 0x93, 0xbe,
  0x8e, 0xfe, 0xeb, 0xbd, 0x5f, 0xad, 0x52, 0x3e, 0x24, 0x68, 0x30, 0xbe,
  0xcc, 0x70, 0x42, 0x3e, 0x55, 0xfc, 0x76, 0xbd, 0xb6, 0x4c, 0x17, 0x3e,
  0x58, 0xa3, 0x93, 0x3d, 0x69, 0x10, 0xb9, 0x3c, 0x59, 0x18, 0xba, 0x3d,
  0x1a, 0x94, 0x05, 0xbe, 0xbf, 0x12, 0xac, 0x3e, 0x1b, 0xf0, 0xaf, 0x3e,
  0x9d, 0x3e, 0xa6, 0xbe, 0x3e, 0xc6, 0x9b, 0x3e, 0x2b, 0xad, 0xf0, 0xbd,
  0x14, 0xc7, 0x6b, 0x3e, 0x9d, 0xbe, 0x6b, 0xbe, 0xad, 0xdb, 0x90, 0xbe,
  0x48, 0xc4, 0x8f, 0xbe, 0xbc, 0x73, 0x06, 0xbc, 0x40, 0xf9, 0xca, 0xbd,
  0x43, 0x9a, 0x81, 0x3d, 0x3f, 0x5f, 0xd4, 0xbe, 0xc0, 0xaa, 0xa6, 0xbd,
  0x70, 0x73, 0x9b, 0xbe, 0x1c, 0x60, 0x05, 0x3e, 0x81, 0x0b, 0x61, 0x3e,
  0xba, 0xd7, 0xa6, 0x3e, 0x55, 0xb4, 0x8b, 0xbd, 0x7b, 0x07, 0x73, 0x3d,
  0x9d, 0x1b, 0x5d, 0x3b, 0xbf, 0x60, 0x0c, 0x3e, 0x96, 0x56, 0x70, 0x3e,
  0xdb, 0x3f, 0x87, 0x3d, 0x01, 0xbd, 0x5f, 0x3e, 0x03, 0x02, 0x7d, 0x3d,
  0xb4, 0x9d, 0x1c, 0xbd, 0xa3, 0x5d, 0x25, 0xbe, 0xc8, 0x37, 0x86, 0x3e,
  0x7d, 0x66, 0x34, 0xbe, 0x71, 0xd9, 0x66, 0xbd, 0x43, 0xc7, 0xff, 0xbd,
  0xf6, 0x2b, 0xbd, 0x3d, 0x86, 0x08, 0x8c, 0xbe, 0xa5, 0xf8, 0x1b, 0x3b,
  0xd1, 0x4c, 0x27, 0x3e, 0xe9, 0x8e, 0xb6, 0xbd, 0x48, 0x07, 0x0c, 0xbd,
  0xc0, 0x77, 0xbc, 0xbe, 0x89, 0x4e, 0x59, 0x3e, 0x08, 0x7f, 0x6c, 0x3e,
  0xfd, 0x53, 0x97, 0xbd, 0x42, 0x09, 0x77, 0x3e, 0xdb, 0x15, 0x59, 0x3e,
  0x67, 0xdb, 0x80, 0xbe, 0x24, 0x8f, 0x19, 0x3d, 0xde, 0xe4, 0x24, 0xbd,
  0xe3, 0x76, 0x45, 0x3e, 0xe5, 0x3d, 0x8f, 0x3e, 0xfb, 0x4d, 0xd7, 0x3d,
  0xa2, 0x11, 0x7c, 0x3e, 0xd1, 0xc0, 0x81, 0xbe, 0x83, 0x23, 0xd4, 0xbc,
  0x47, 0xde, 0x6b, 0xbc, 0xa5, 0xbf, 0x84, 0xbe, 0xcb, 0x34, 0x9c, 0xbe,
  0x46, 0xf7, 0x90, 0xbe, 0xbd, 0xbc, 0x8f, 0xbd, 0x8e, 0xc9, 0x0f, 0x3e,
  0x0a, 0x88, 0x42, 0x3e, 0x17, 0xc8, 0x9e, 0x3d, 0x04, 0x13, 0x90, 0x3d,
  0xda, 0xe9, 0x09, 0xbe, 0x53, 0x4a, 0x1f, 0xbe, 0x95, 0x34, 0xa1, 0x3e,
  0xa3, 0x3c, 0xbc, 0xbd, 0xeb, 0x58, 0x9b, 0xbe, 0x49, 0xcc, 0xaa, 0x3e,
  0x5f, 0x41, 0x3a, 0x3e, 0xa5, 0x79, 0x92, 0xbd, 0x4e, 0xe6, 0xaf, 0x3d,
  0x41, 0x91, 0x37, 0xbe, 0xf1, 0x6d, 0x98, 0x3e, 0xa4, 0x0c, 0x8d, 0x3d,
  0xea, 0x01, 0x74, 0xbe, 0x4d, 0x46, 0x31, 0xbe, 0x9f, 0x83, 0x00, 0xbe,
  0x74, 0x3f, 0x41, 0xbe, 0x66, 0x7d, 0xb2, 0xbd, 0x0d, 0xc9, 0xbf, 0xbe,
  0x9e, 0xbc, 0xfd, 0xbd, 0x87, 0x1f, 0x15, 0x3d, 0x6c, 0x10, 0xbb, 0xbd,
  0x20, 0x9f, 0x7e, 0x3e, 0xec, 0x8e, 0x6f, 0x3e, 0x16, 0xe7, 0x2b, 0x3e,
  0x70, 0xb6, 0x1a, 0x3e, 0x6b, 0xbb, 0x67, 0x3d, 0x65, 0xc7, 0x88, 0xbe,
  0x6a, 0x81, 0x38, 0xbe, 0x6b, 0x34, 0x92, 0x3e, 0xa5, 0x0b, 0xa7, 0x3e,
  0xc6, 0x76, 0x4d, 0x3e, 0x9a, 0xbc, 0x3c, 0xbe, 0xc6, 0x63, 0x8f, 0x3c,
  0x8c, 0x0e, 0x08, 0xbe, 0x72, 0x8a, 0xbb, 0x3c, 0x20, 0x7c, 0xc1, 0xbe,
  0xde, 0xd3, 0x3f, 0xbe, 0xf3, 0x6e, 0x50, 0x3e, 0x58, 0xe4, 0x81, 0xbe,
  0x6f, 0x0f, 0x96, 0x3e, 0x5b, 0x25, 0x81, 0xbe, 0xce, 0x13, 0xb2, 0x3e,
  0xd3, 0x50, 0x9a, 0x3d, 0xee, 0xe6, 0x07, 0xbc, 0xe6, 0x37, 0x91, 0xbe,
  0x4d, 0xe7, 0xa5, 0x3e, 0xa8, 0x0b, 0x35, 0x3d, 0xd4, 0x43, 0x5c, 0xbd,
  0xb5, 0x75, 0xea, 0x3d, 0x1f, 0xd2, 0x35, 0x3e, 0xc9, 0x0c, 0xa4, 0x3d,
  0x53, 0x91, 0x0c, 0xbe, 0xed, 0x33, 0xbf, 0x3c, 0xcc, 0x33, 0xeb, 0x3d,
  0xb1, 0xe1, 0x77, 0xbc, 0x6c, 0xf8, 0xa9, 0x3d, 0xf0, 0x97, 0x0c, 0xbe,
  0x19, 0xa6, 0x65, 0x3e, 0xf6, 0xb3, 0x48, 0x3e, 0x53, 0xec, 0x92, 0x3e,
  0xa6, 0x99, 0x9e, 0xbe, 0xc2, 0x52, 0x92, 0xbe, 0x1b, 0xfb, 0x50, 0xbe,
  0x87, 0xd8, 0x6e, 0x3d, 0x4c, 0x50, 0x54, 0x3e, 0x40, 0x23, 0x97, 0xbe,
  0xfc, 0x36, 0x5b, 0xbe, 0x07, 0xa8, 0x46, 0xbe, 0xa9, 0x88, 0x9e, 0xbd,
  0x51, 0x55, 0x72, 0xbe, 0x43, 0x14, 0x04, 0x3e, 0xd8, 0x4c, 0x6a, 0xbe,
  0xed, 0x10, 0xa4, 0x3d, 0x6d, 0x1b, 0x48, 0xbd, 0x9b, 0x33, 0x13, 0xbe,
  0xf6, 0xf7, 0x92, 0x3d, 0x28, 0xeb, 0xa5, 0x3d, 0x6e, 0xc1, 0xe4, 0xbe,
  0x08, 0xe3, 0xa1, 0x3e, 0x5c, 0x83, 0x38, 0x3e, 0x73, 0xc8, 0x8a, 0xbe,
  0x16, 0x65, 0xb7, 0x3d, 0x17, 0x4c, 0x9e, 0xbe, 0x80, 0x9f, 0x80, 0x3e,
  0xa4, 0xc8, 0x55, 0xbc, 0x06, 0xaf, 0x18, 0xbe, 0xdf, 0x47, 0xf8, 0x3d,
  0xd5, 0x1b, 0x3e, 0xbe, 0x0f, 0xae, 0x90, 0x3e, 0x8f, 0x22, 0x32, 0xbe,
  0xc4, 0xb7, 0x3b, 0xbe, 0xb1, 0x29, 0x8e, 0xbd, 0x4b, 0x0f, 0x37, 0x3e,
  0xe7, 0xb9, 0xb6, 0xbc, 0x37, 0xdf, 0xaa, 0xbe, 0x01, 0x67, 0x19, 0xbe,
  0x23, 0x82, 0x12, 0xbe, 0x0c, 0xde, 0x0a, 0x3e, 0x2b, 0x4c, 0xce, 0x3d,
  0x8a, 0x3a, 0x05, 0xbe, 0x8c, 0x9f, 0x20, 0x3d, 0xbe, 0x0d, 0x16, 0xbd,
  0x07, 0x83, 0x1b, 0xbd, 0x94, 0xaf, 0x3c, 0xbe, 0x07, 0x60, 0x27, 0x3c,
  0x71, 0xbe, 0x9b, 0xbe, 0xdf, 0xb6, 0x38, 0x3e, 0x79, 0x5c, 0x33, 0x3d,
  0xd0, 0x09, 0x63, 0x3e, 0xde, 0xcb, 0xb6, 0xbe, 0x9e, 0x05, 0x2d, 0xbe,
  0x88, 0xf2, 0x13, 0xbe, 0x11, 0x21, 0xa6, 0x3e, 0xed, 0x0d, 0xb5, 0xbe,
  0x52, 0x66, 0x80, 0x3e, 0x7c, 0xe4, 0xb0, 0xbe, 0x5e, 0x36, 0x2d, 0xbe,
  0x84, 0x3d, 0x36, 0x3e, 0x65, 0x1c, 0x01, 0xbe, 0x5f, 0x77, 0x97, 0xbc,
  0x9b, 0x45, 0x13, 0xbe, 0xc9, 0x50, 0x51, 0xbe, 0x85, 0xd7, 0xbc, 0xbe,
  0x38, 0xdc, 0x4f, 0xbe, 0xd2, 0x7c, 0xfe, 0xbc, 0x32, 0x46, 0xa0, 0xbe,
  0xe7, 0x94, 0x05, 0xbe, 0x2e, 0x3e, 0xb0, 0x3d, 0x4d, 0x74, 0x27, 0x3d,
  0x16, 0x74, 0xc0, 0x3d, 0x99, 0x49, 0x5e, 0xbe, 0x20, 0xff, 0x60, 0x3e,
  0x56, 0x11, 0xbf, 0x3e, 0x16, 0x6a, 0x53, 0xbe, 0xeb, 0xd2, 0x26, 0xbe,
  0x58, 0xaf, 0x08, 0xbd, 0xd7, 0x96, 0x50, 0x3e, 0x58, 0x54, 0x99, 0xbe,
  0xa1, 0x59, 0x27, 0x3e, 0xb2, 0x8f, 0xa9, 0x3d, 0x83, 0xce, 0x5c, 0xbd,
  0xd7, 0x4f, 0xb4, 0xbe, 0x3c, 0x5d, 0x1e, 0xbe, 0x63, 0x22, 0x72, 0xbe,
  0x4c, 0x78, 0xc0, 0x3d, 0x4e, 0xc6, 0x66, 0x3e, 0x35, 0x34, 0x57, 0xbd,
  0x8f, 0x96, 0x96, 0xbd, 0x8d, 0xe3, 0x9f, 0x3d, 0x9e, 0xc2, 0x80, 0x3d,
  0x59, 0xc1, 0x1b, 0xbe, 0x6e, 0xfa, 0x5b, 0x3e, 0x44, 0x0d, 0x9d, 0xbe,
  0xeb, 0x25, 0xb3, 0x3c, 0x0e, 0xb0, 0x12, 0xbe, 0x89, 0x93, 0x60, 0xbe,
  0xcc, 0xc1, 0xbf, 0x3d, 0xb9, 0x8b, 0x8e, 0x3e, 0xbc, 0x06, 0x5b, 0xbd,
  0xe3, 0x0e, 0x2c, 0x3d, 0x87, 0xcb, 0x8d, 0xbe, 0x8b, 0x30, 0xab, 0xbe,
  0x2e, 0xc0, 0x6a, 0x3e, 0x92, 0xf1, 0x53, 0x3e, 0x7e, 0x01, 0xad, 0x3e,
  0x76, 0x59, 0xed, 0xbd, 0xdf, 0xcd, 0x4b, 0x3e, 0xb1, 0xfd, 0x9c, 0xbe,
  0xaf, 0xfc, 0x8c, 0x3e, 0x5e, 0x59, 0x5c, 0xbe, 0xfb, 0x8e, 0x61, 0x3e,
  0x73, 0x36, 0x09, 0x3e, 0x36, 0x09, 0x6e, 0xbd, 0x78, 0x5f, 0x91, 0xbe,
  0x8d, 0x3e, 0x44, 0x3e, 0x06, 0x18, 0x88, 0xbd, 0xe6, 0xa3, 0x4a, 0x3e,
  0x33, 0xc9, 0x26, 0xbe, 0x6f, 0xd0, 0x7c, 0x3d, 0xe3, 0x53, 0xa7, 0x3d,
  0x17, 0xb4, 0x34, 0xbe, 0x7f, 0x6b, 0xf0, 0x3c, 0x48, 0x45, 0xa6, 0xbe,
  0x75, 0xe7, 0x4c, 0xbd, 0x1e, 0x94, 0x80, 0xbd, 0xc3, 0x6b, 0xc4, 0xbd,
  0x24, 0x86, 0xb3, 0xbe, 0x4b, 0x06, 0x12, 0x3e, 0x74, 0x5c, 0x69, 0x3e,
  0x02, 0x8c, 0xfa, 0x3c, 0xed, 0x90, 0x38, 0x3d, 0xb5, 0x95, 0xca, 0x3d,
  0x3d, 0x9a, 0xa6, 0xbd, 0x0d, 0x42, 0x6b, 0xbe, 0xc8, 0x02, 0xe9, 0x3d,
  0x83, 0x00, 0x47, 0x3e, 0x36, 0xf6, 0x02, 0x3d, 0x80, 0x38, 0xca, 0xbe,
  0x4e, 0x82, 0xb2, 0xbe, 0x64, 0x62, 0x08, 0xbe, 0x7f, 0x00, 0x96, 0xbd,
  0xb4, 0xa0, 0xfc, 0xbd, 0x56, 0x73, 0x23, 0xbe, 0xee, 0x59, 0x40, 0x3e,
  0x8c, 0x62, 0xf3, 0x3d, 0x02, 0x69, 0x45, 0x3e, 0xc8, 0xaa, 0xd4, 0x3d,
  0xaa, 0x55, 0x20, 0xbe, 0x4e, 0xa1, 0x06, 0xbe, 0xe3, 0x3d, 0xbb, 0xbd,
  0xe0, 0x76, 0xc8, 0xbd, 0xe2, 0x4a, 0x8e, 0xbd, 0xde, 0x26, 0x67, 0x3e,
  0xfc, 0x89, 0x3f, 0x3e, 0xd7, 0x2a, 0x55, 0x3d, 0x70, 0x8b, 0xd2, 0xbd,
  0x89, 0x11, 0x6d, 0xbe, 0xd7, 0xf5, 0x07, 0x3d, 0xb2, 0x9b, 0x2b, 0xbe,
  0x12, 0x4f, 0x5c, 0x3d, 0x9b, 0xea, 0xcd, 0xbe, 0x41, 0x35, 0xb2, 0xbe,
  0x5c, 0x01, 0x74, 0x3e, 0x0a, 0xcd, 0xc3, 0x3d, 0xb8, 0xdb, 0x84, 0x3e,
  0x6e, 0x44, 0x5a, 0xbe, 0x72, 0x6c, 0xa0, 0xbe, 0x5b, 0xfc, 0x92, 0x3e,
  0x18, 0xab, 0x9a, 0x3e, 0xb4, 0xa6, 0x07, 0xbf, 0x4f, 0xff, 0x03, 0xbd,
  0xc6, 0x41, 0x28, 0x3e, 0x18, 0x67, 0x11, 0x3e, 0x33, 0x91, 0x82, 0xbc,
  0x12, 0x1d, 0x4a, 0x3e, 0x68, 0x5f, 0xce, 0xbc, 0xc2, 0x98, 0x4c, 0x3d,
  0xc3, 0xb7, 0x84, 0x3d, 0xbd, 0x67, 0x0c, 0xbe, 0x2b, 0x9c, 0x80, 0xbe,
  0x6b, 0x40, 0x53, 0x3e, 0xef, 0x02, 0x93, 0x3e, 0x0d, 0x76, 0xea, 0xbd,
  0x88, 0x94, 0xc2, 0xbd, 0xbd, 0x3b, 0x34, 0x3e, 0xe6, 0x11, 0x4e, 0xbe,
  0x9c, 0xcd, 0xd7, 0x3c, 0x3e, 0xf7, 0x29, 0x3e, 0x91, 0xce, 0x39, 0xbe,
  0xe8, 0x27, 0x04, 0xbe, 0x89, 0x96, 0xa2, 0x3d, 0x8d, 0xfd, 0x20, 0xbe,
  0xfe, 0x8d, 0xd8, 0x3d, 0x4c, 0x9f, 0xac, 0x3e, 0xd1, 0x9a, 0x99, 0x3e,
  0x60, 0x16, 0x38, 0x3e, 0x41, 0x0d, 0x16, 0x3e, 0x4f, 0x45, 0x02, 0xbd,
  0x85, 0x67, 0xe2, 0x3d, 0xac, 0x02, 0xc9, 0x3d, 0xd6, 0x48, 0x5f, 0xbe,
  0x7d, 0x9d, 0x95, 0x3d, 0xea, 0x4e, 0x0f, 0xbc, 0x68, 0xe2, 0x8d, 0x3d,
  0x44, 0x9b, 0x22, 0xbc, 0xda, 0xcf, 0x58, 0xbd, 0xce, 0x3f, 0x97, 0x3c,
  0x55, 0xb9, 0x71, 0xbd, 0x45, 0x8e, 0xe7, 0x3c, 0x06, 0xeb, 0x9a, 0x3e,
  0xc5, 0x39, 0x19, 0xbe, 0x2f, 0xe5, 0xf7, 0xbd, 0x07, 0x60, 0xe0, 0xbe,
  0xe3, 0xe1, 0x92, 0x3e, 0x16, 0x0b, 0xca, 0x3e, 0xa2, 0xab, 0xbc, 0xbc,
  0x66, 0x16, 0xc9, 0x3e, 0x37, 0x68, 0x21, 0xbe, 0x3a, 0xce, 0x8e, 0x3e,
  0xdc, 0xac, 0xad, 0xbe, 0x5e, 0x3b, 0x1f, 0x3e, 0x26, 0x64, 0x39, 0xbe,
  0x0e, 0xc2, 0x48, 0xbe, 0xda, 0x9d, 0x3b, 0xbd, 0x20, 0x7b, 0x6a, 0x3e,
  0xc0, 0x5c, 0x92, 0x3e, 0x28, 0xae, 0x01, 0xbe, 0x0e, 0x69, 0x1d, 0xbe,
  0xf2, 0xdd, 0x7d, 0xbd, 0x94, 0x2c, 0xd8, 0xbb, 0x40, 0xde, 0x74, 0x3e,
  0x2b, 0x76, 0x1d, 0xbe, 0x4e, 0x4b, 0x6c, 0xbe, 0x54, 0xa3, 0x4c, 0xbe,
  0x26, 0xe4, 0xc1, 0xbd, 0x4a, 0xb6, 0xd4, 0x3d, 0xe0, 0xe6, 0x80, 0xbc,
  0xc3, 0xa0, 0xe8, 0x3e, 0x68, 0x71, 0xde, 0x3c, 0xda, 0xb1, 0x33, 0xbe,
  0x11, 0x38, 0xb8, 0xbd, 0x09, 0xd7, 0xe6, 0x3e, 0x51, 0x49, 0x71, 0x3e,
  0x4c, 0xef, 0x87, 0x3e, 0xfa, 0xd5, 0xf9, 0x3d, 0xef, 0xd1, 0x06, 0x3e,
  0x78, 0x44, 0x98, 0xbe, 0x97, 0x96, 0x1f, 0xbe, 0x63, 0xfb, 0x3d, 0xbe,
  0xae, 0x7b, 0x96, 0xbe, 0x3e, 0x06, 0xf5, 0x3d, 0x2d, 0x98, 0x82, 0xbe,
  0xba, 0x2d, 0x39, 0x3e, 0x2b, 0x52, 0x8d, 0xbe, 0x49, 0x38, 0x48, 0x3e,
  0xf4, 0x8a, 0x77, 0xbd, 0x50, 0xa9, 0xa7, 0xbe, 0x60, 0x4a, 0x4f, 0x3d,
  0xa5, 0x61, 0x34, 0x3d, 0xb8, 0x53, 0x98, 0x3e, 0xab, 0x6b, 0xd8, 0x3d,
  0x2a, 0x54, 0x65, 0xbe, 0x3e, 0x00, 0x28, 0xbe, 0x12, 0x09, 0x58, 0x3e,
  0x47, 0xef, 0xbb, 0xbd, 0x06, 0xa4, 0x98, 0xbd, 0xb1, 0x5e, 0x53, 0xbe,
  0x0a, 0xaa, 0x32, 0x3e, 0xb7, 0x84, 0xa5, 0xbe, 0x5e, 0x2b, 0x4b, 0x3d,
  0xc8, 0x6f, 0xae, 0xbc, 0x4e, 0x87, 0xc4, 0x3d, 0xdd, 0xbd, 0x5a, 0xbd,
  0x80, 0x8c, 0x98, 0x3e, 0xe9, 0x63, 0x39, 0x3d, 0x22, 0x1d, 0x2d, 0x3d,
  0x5c, 0x39, 0xc6, 0x3e, 0x2d, 0xbd, 0x83, 0xbc, 0x39, 0xcd, 0x98, 0xbe,
  0xf2, 0xac, 0x96, 0x3e, 0xe9, 0x32, 0xa9, 0xbb, 0xb9, 0xf5, 0xaa, 0x3d,
  0xbc, 0x38, 0xbd, 0xbc, 0xe8, 0x7e, 0xd2, 0x3d, 0x08, 0xa4, 0xb0, 0x3e,
  0x52, 0x61, 0x45, 0x3b, 0xb6, 0xd7, 0xca, 0xbd, 0xad, 0x3d, 0xa3, 0x3e,
  0x0e, 0xd2, 0x4e, 0xbe, 0x0a, 0x2c, 0x73, 0xbe, 0xd1, 0x17, 0x42, 0xbc,
  0x7f, 0x63, 0x42, 0x3d, 0x50, 0x9e, 0x9b, 0xbe, 0x76, 0x02, 0x7e, 0xbe,
  0xe2, 0x1f, 0x92, 0x3d, 0x23, 0xaf, 0x00, 0xbe, 0xd8, 0x7b, 0xaa, 0xbd,
  0x7d, 0xec, 0xc5, 0x3d, 0x0d, 0xeb, 0x9f, 0xbd, 0xef, 0xfd, 0x9a, 0x3c,
  0xef, 0x78, 0x24, 0x3e, 0x19, 0x7e, 0x52, 0xbe, 0x00, 0xfb, 0x7e, 0x3e,
  0xe4, 0x18, 0xca, 0x3e, 0x72, 0xf6, 0x6a, 0xbe, 0x78, 0x06, 0x9e, 0x3d,
  0x54, 0xb7, 0xaf, 0xbe, 0x8d, 0xd1, 0x4e, 0xbe, 0x95, 0x12, 0xde, 0xbd,
  0xa0, 0xc5, 0x4f, 0xbc, 0xf6, 0x95, 0xc7, 0x3c, 0x36, 0x6f, 0x79, 0x3e,
  0x93, 0x1e, 0xe0, 0x3d, 0xda, 0x12, 0x73, 0x3e, 0x78, 0xc1, 0x18, 0x3b,
  0xd8, 0xcc, 0x1b, 0x3d, 0xcb, 0x12, 0xd4, 0x3e, 0xdb, 0xec, 0xae, 0x3d,
  0x49, 0x21, 0x22, 0x3e, 0xaa, 0xb5, 0x04, 0xbe, 0x34, 0x6a, 0xab, 0xbd,
  0xab, 0x0b, 0x8e, 0x3e, 0xfc, 0x62, 0xf7, 0x3d, 0x62, 0xef, 0x02, 0xbe,
  0x4d, 0xcf, 0x4a, 0xbe, 0xa5, 0xda, 0xa2, 0x3e, 0x5d, 0xea, 0x3f, 0x3e,
  0xc9, 0xb7, 0x6e, 0xbd, 0x1a, 0xd0, 0xaf, 0xbe, 0x8d, 0x36, 0x67, 0x3d,
  0xd4, 0x90, 0xfc, 0x3c, 0x70, 0x62, 0x22, 0x3d, 0xaa, 0xb0, 0x71, 0xbe,
  0x99, 0xde, 0xa2, 0x3e, 0x86, 0x5d, 0x67, 0xbe, 0x28, 0x4a, 0xd4, 0xbe,
  0xaa, 0xa5, 0xa8, 0xbe, 0x1e, 0xe2, 0x37, 0xbe, 0x65, 0x55, 0x7b, 0x3e,
  0xc7, 0x96, 0x8b, 0xbe, 0xd8, 0x69, 0x8d, 0x3d, 0x11, 0xee, 0x86, 0xbc,
  0x35, 0x2a, 0x38, 0xbe, 0x84, 0x1d, 0x0e, 0xbe, 0xca, 0x46, 0x3c, 0x3e,
  0x57, 0x3c, 0x9d, 0xbe, 0xc2, 0x5d, 0x0f, 0xbe, 0x98, 0xf5, 0x36, 0x3b,
  0xb2, 0x1f, 0xec, 0xbd, 0x8a, 0xef, 0x9f, 0x3e, 0xcf, 0x3c, 0x50, 0xbe,
  0xff, 0x7b, 0x90, 0xbe, 0xca, 0x78, 0xdc, 0x3d, 0xa9, 0xdb, 0x86, 0xbe,
  0xa2, 0x82, 0xe5, 0xbb, 0xdc, 0x4c, 0x3d, 0x3e, 0xf2, 0xfe, 0x08, 0x3d,
  0x67, 0x84, 0x3a, 0xbe, 0x47, 0x37, 0xaf, 0x3d, 0xac, 0xc8, 0x30, 0x3e,
  0x5a, 0xea, 0x42, 0x3e, 0x52, 0x5d, 0x93, 0xbe, 0x00, 0x23, 0x09, 0xbd,
  0x28, 0xab, 0x16, 0xbe, 0x66, 0xee, 0x19, 0x3e, 0xe7, 0xdb, 0x5c, 0x3e,
  0xc7, 0x56, 0xc2, 0x3e, 0x71, 0xda, 0xc4, 0xbe, 0x05, 0x56, 0xeb, 0x3c,
  0x5d, 0x4b, 0x90, 0x3e, 0x2d, 0x67, 0x68, 0x3c, 0x30, 0xf7, 0x24, 0xbd,
  0x72, 0x15, 0x65, 0xbd, 0xae, 0x7f, 0x5b, 0x3e, 0x62, 0x41, 0x79, 0xbe,
  0x09, 0x8a, 0x89, 0x3e, 0xc9, 0xe1, 0x85, 0xbe, 0xb3, 0x25, 0xe9, 0xbb,
  0xc1, 0x17, 0x72, 0xbe, 0x47, 0x10, 0x54, 0x3e, 0xe0, 0x9f, 0x23, 0xbe,
  0x76, 0x5d, 0x09, 0x3e, 0x3d, 0xe0, 0xc4, 0xbd, 0x9e, 0x5b, 0xbe, 0x3d,
  0x75, 0x16, 0x9d, 0xbe, 0xec, 0x44, 0x27, 0xbe, 0x36, 0xb3, 0x51, 0xbe,
  0xc2, 0x19, 0x01, 0x3e, 0x56, 0xee, 0x62, 0xbe, 0xc3, 0xe5, 0x1b, 0xbe,
  0x23, 0x11, 0x3a, 0xbd, 0xe9, 0x69, 0xa4, 0xbe, 0x2e, 0x1f, 0x7e, 0xbe,
  0x59, 0x1d, 0xc1, 0x3e, 0x26, 0x13, 0x3b, 0x3e, 0xcc, 0xa1, 0xdd, 0xbd,
  0x6f, 0xea, 0x5e, 0x3d, 0x89, 0x6d, 0x77, 0xbe, 0xee, 0x7f, 0x8c, 0xbe,
  0xa9, 0x15, 0xb5, 0xbc, 0xf0, 0x16, 0x51, 0x3d, 0x0e, 0xd7, 0xff, 0xff,
  0x04, 0x00, 0x00, 0x00, 0x80, 0x02, 0x00, 0x00, 0xc8, 0x33, 0xd0, 0xbe,
  0xb6, 0xc0, 0xc0, 0xbe, 0x6c, 0xbd, 0x06, 0xbf, 0x39, 0x56, 0xd8, 0x3e,
  0x8d, 0x20, 0x19, 0xbf, 0x48, 0x6f, 0xa2, 0xbe, 0xae, 0x31, 0x25, 0xbf,
  0x3c, 0xf7, 0x47, 0xbe, 0xeb, 0x9d, 0x58, 0x3e, 0xd5, 0x36, 0x92, 0xbe,
  0x9c, 0xce, 0xdb, 0x3e, 0x23, 0x6c, 0xae, 0x3d, 0x69, 0x4b, 0x33, 0xbf,
  0xf0, 0x08, 0x6d, 0xbe, 0x77, 0x91, 0xc0, 0xbe, 0x8c, 0xcc, 0xb1, 0xbe,
  0xb6, 0x36, 0x8e, 0x3e, 0x71, 0x72, 0x0c, 0xbf, 0x9d, 0xd0, 0xf1, 0x3e,
  0xa7, 0xd4, 0x0a, 0xbf, 0x8e, 0x15, 0xb1, 0xbe, 0x79, 0x92, 0xf1, 0xbe,
  0x88, 0x7c, 0xe5, 0xba, 0x3c, 0x13, 0x9f, 0xbe, 0xe3, 0x37, 0x86, 0xbe,
  0x16, 0x65, 0xee, 0xbd, 0x77, 0xf3, 0xf2, 0x3d, 0xc5, 0x53, 0x55, 0xbe,
  0x7d, 0x34, 0xd6, 0xbe, 0x43, 0xd5, 0xfb, 0x3e, 0xdd, 0x7a, 0xe3, 0xbe,
  0x1f, 0x92, 0xd7, 0xbe, 0xb7, 0x7f, 0x30, 0x3e, 0x1b, 0xdd, 0xbd, 0xbe,
  0xd8, 0x9b, 0xb3, 0x3c, 0xf2, 0x60, 0x10, 0xbd, 0xc7, 0x0d, 0x53, 0x3e,
  0x14, 0x7c, 0x65, 0x3e, 0x7e, 0x23, 0x0f, 0xbd, 0x52, 0x4d, 0x6e, 0x3c,
  0x15, 0x7d, 0x01, 0xbf, 0xa6, 0xeb, 0xab, 0xbd, 0xc6, 0xc6, 0x39, 0x3e,
  0x8b, 0x5c, 0x2b, 0xbe, 0xc6, 0xdf, 0x11, 0x3c, 0x01, 0xdb, 0x92, 0x3e,
  0x2a, 0xb4, 0x0b, 0x3e, 0xba, 0xe6, 0x65, 0x3e, 0x5c, 0x2c, 0x33, 0x3e,
  0x23, 0x63, 0x6a, 0xbd, 0x91, 0xa5, 0xff, 0xbe, 0x15, 0x27, 0xd3, 0x3e,
  0xe8, 0x8b, 0x42, 0xbc, 0x01, 0xc3, 0x65, 0xbe, 0xbb, 0xb3, 0xf2, 0xbe,
  0x45, 0x5e, 0x87, 0xbd, 0xb3, 0x02, 0x1e, 0xbd, 0x4e, 0x81, 0x76, 0xbd,
  0x3e, 0x13, 0xf1, 0xbe, 0x4d, 0xbb, 0x69, 0x3e, 0xbb, 0xc4, 0xa5, 0x3e,
  0x2c, 0x8d, 0x84, 0xbd, 0xf0, 0xc5, 0xea, 0xbe, 0x64, 0xf7, 0x5f, 0x3e,
  0x4c, 0x68, 0x1e, 0xbd, 0x0a, 0x07, 0x9b, 0x3e, 0x03, 0x10, 0xbe, 0xbe,
  0x20, 0x2e, 0xcb, 0xbe, 0x03, 0x25, 0x85, 0xbe, 0x2a, 0xe3, 0x12, 0x3e,
  0xf4, 0xd6, 0x9e, 0xbe, 0xbe, 0xa8, 0x1f, 0x3d, 0x65, 0x1e, 0xcd, 0xbe,
  0x2d, 0xba, 0xae, 0x3e, 0xf0, 0x8e, 0x8c, 0x3e, 0x62, 0x30, 0xce, 0x3e,
  0x86, 0x44, 0xb4, 0x3d, 0x44, 0x62, 0x79, 0xbd, 0xdf, 0xb2, 0xf3, 0x3d,
  0x89, 0x02, 0xcc, 0x3e, 0x43, 0x80, 0xf1, 0xbe, 0xee, 0x06, 0xac, 0x3e,
  0x1d, 0xa2, 0x80, 0x3d, 0x66, 0x21, 0xca, 0xbe, 0x94, 0xf1, 0xd1, 0x3e,
  0x15, 0x13, 0x15, 0x3e, 0xa2, 0xd6, 0xa9, 0x3d, 0xc0, 0x2e, 0x6b, 0xbe,
  0x4e, 0xd2, 0xe4, 0x3d, 0x9c, 0x64, 0xa4, 0x3e, 0xf1, 0x53, 0xb1, 0xbe,
  0x58, 0xb2, 0xf5, 0xbe, 0x3d, 0xef, 0xee, 0x3d, 0xc3, 0x5d, 0x3d, 0x3e,
  0xcf, 0x1e, 0x1a, 0x3e, 0x65, 0x9f, 0x96, 0xbd, 0x1f, 0x8f, 0xe3, 0xbe,
  0x38, 0x87, 0x9d, 0xbd, 0x3e, 0xe3, 0x42, 0x3e, 0xfc, 0xa5, 0x0b, 0xbe,
  0x09, 0xcb, 0xb1, 0x3d, 0x4e, 0xbd, 0x75, 0xbe, 0xc6, 0x3f, 0x91, 0xbc,
  0x24, 0xa0, 0xfe, 0xbe, 0x82, 0x88, 0x86, 0x3d, 0x2c, 0xf6, 0xd2, 0xbe,
  0xbd, 0x4b, 0xeb, 0xbe, 0xaa, 0xa7, 0xa7, 0x3d, 0x02, 0x07, 0x92, 0xbe,
  0x82, 0x20, 0x44, 0x3e, 0xa1, 0x32, 0xd8, 0x3d, 0x2f, 0x0d, 0xb3, 0x3e,
  0x8d, 0x86, 0x68, 0x3d, 0x13, 0xdf, 0x9c, 0x3e, 0x68, 0x12, 0xef, 0xbd,
  0x11, 0x8a, 0xa2, 0xbd, 0x12, 0x3e, 0x9d, 0xbe, 0xf6, 0xe5, 0xa0, 0xbe,
  0xca, 0xc7, 0xdb, 0x3d, 0xe0, 0x3e, 0xaa, 0xbe, 0x69, 0xe7, 0x03, 0x3e,
  0xb9, 0xcc, 0xd6, 0x3e, 0xc5, 0x4e, 0x9c, 0xbc, 0xbf, 0x09, 0x39, 0x3d,
  0xc9, 0x41, 0x57, 0xbe, 0x2c, 0x26, 0x5b, 0x3e, 0x13, 0xe4, 0x13, 0x3e,
  0x07, 0xea, 0x08, 0xbe, 0xd6, 0x44, 0xa6, 0x3e, 0x16, 0xd5, 0xd2, 0x3d,
  0x8a, 0x14, 0xb6, 0xbe, 0x51, 0x58, 0xcb, 0xbe, 0x26, 0xaa, 0x98, 0xbd,
  0xcb, 0xc5, 0x53, 0xbe, 0x43, 0x0a, 0xcd, 0xbe, 0x14, 0x1a, 0x44, 0xbe,
  0x5f, 0xdd, 0x3c, 0x3e, 0xdd, 0x32, 0x6f, 0xbc, 0xc0, 0x5c, 0x28, 0x3e,
  0x9c, 0x1d, 0x23, 0x3e, 0xc0, 0x9e, 0x0b, 0xbe, 0x34, 0xff, 0x8c, 0xbe,
  0x2d, 0x4e, 0x29, 0x3e, 0x70, 0xce, 0x00, 0xbf, 0xb3, 0x8c, 0x08, 0xbf,
  0xc9, 0x93, 0xe2, 0xbe, 0x38, 0xa0, 0x3c, 0xbe, 0xc8, 0x32, 0xa5, 0x3e,
  0x78, 0x6c, 0x92, 0x3e, 0x07, 0xc0, 0x9e, 0x3e, 0x34, 0x05, 0xab, 0x3e,
  0x96, 0x7d, 0x9a, 0x3e, 0x8a, 0x4f, 0xd2, 0x3e, 0x08, 0xb5, 0x03, 0xbf,
  0x0b, 0xf6, 0x7d, 0xbe, 0x12, 0x13, 0x2e, 0x3e, 0x85, 0x15, 0x42, 0xbe,
  0x4d, 0x92, 0xaa, 0xbe, 0x70, 0xf0, 0x4c, 0x3e, 0x50, 0xb7, 0x4d, 0xbe,
  0x9a, 0xd9, 0xff, 0xff, 0x04, 0x00, 0x00, 0x00, 0x40, 0x05, 0x00, 0x00,
  0x74, 0x8b, 0x57, 0xbe, 0x6a, 0x06, 0xa8, 0x3d, 0x67, 0x42, 0x94, 0xbd,
  0x97, 0xc1, 0x5e, 0xbe, 0xa5, 0x33, 0x5c, 0xbd, 0x12, 0x6e, 0xfa, 0x3d,
  0x4e, 0xcd, 0x2a, 0x3d, 0x80, 0x0e, 0x84, 0x3e, 0xec, 0x8a, 0x01, 0xbe,
  0xd4, 0xdc, 0xfa, 0x3d, 0xd5, 0x4b, 0x33, 0xbe, 0x89, 0x91, 0x8c, 0xbe,
  0x9d, 0xc0, 0x83, 0x3e, 0xdb, 0xb3, 0xc5, 0x3e, 0x4b, 0xf9, 0x12, 0xbe,
  0x1c, 0x69, 0x21, 0xbe, 0x16, 0xda, 0x9e, 0x3e, 0x34, 0x55, 0x32, 0xbe,
  0x29, 0x6a, 0x8b, 0xbe, 0x08, 0xfc, 0x2e, 0xbe, 0xa0, 0x61, 0x8a, 0x3e,
  0xe4, 0x61, 0x0e, 0x3e, 0xc6, 0xfb, 0x96, 0xbe, 0x20, 0xc3, 0x90, 0xbe,
  0x7c, 0x4f, 0xed, 0xbd, 0x7d, 0x28, 0x7b, 0x3e, 0x9a, 0x10, 0x1b, 0x3e,
  0x15, 0x0b, 0x0a, 0xbe, 0x24, 0x32, 0x2c, 0x3d, 0x13, 0x5e, 0xd0, 0xbd,
  0xbc, 0x49, 0x02, 0x3e, 0xa9, 0xc8, 0x8e, 0xbe, 0x57, 0xbb, 0xa2, 0xbd,
  0xdc, 0xe8, 0xae, 0xbd, 0x70, 0x81, 0xec, 0xbc, 0xee, 0x26, 0x87, 0x3d,
  0x32, 0x90, 0x9b, 0xbe, 0xa2, 0x30, 0x89, 0x3e, 0x3b, 0xcf, 0xbd, 0x3e,
  0x99, 0xdc, 0x8a, 0x3e, 0x83, 0x6d, 0x69, 0x3e, 0x1e, 0x0a, 0x9a, 0xbe,
  0xd7, 0x4d, 0x82, 0x3e, 0x36, 0xf2, 0x78, 0x3e, 0xec, 0x31, 0xd1, 0xbd,
  0x8a, 0x7c, 0x77, 0xbe, 0x59, 0x50, 0xcb, 0xbd, 0xf4, 0x15, 0x9c, 0x3e,
  0x97, 0x55, 0x3c, 0x3e, 0x79, 0x9e, 0x87, 0x3d, 0x9f, 0xcd, 0xe7, 0xbd,
  0xb9, 0x32, 0xf9, 0x3d, 0x3c, 0xdc, 0xbf, 0x3d, 0x52, 0x93, 0x9d, 0xbd,
  0xb8, 0x5c, 0xb1, 0x3d, 0x70, 0xd3, 0xc9, 0xbd, 0x1f, 0x76, 0x3c, 0x3e,
  0xf7, 0x8d, 0xf7, 0x3d, 0xfe, 0x4a, 0x7a, 0x3e, 0xc6, 0x5d, 0x8a, 0x3e,
  0xe3, 0xef, 0x84, 0x3d, 0x7e, 0x83, 0x41, 0xbe, 0xd5, 0xe4, 0x2c, 0xbe,
  0x26, 0xb3, 0xb1, 0xbd, 0x5b, 0xd5, 0x89, 0xbe, 0x90, 0x9d, 0xdd, 0xbd,
  0x2f, 0xfb, 0x33, 0x3e, 0x29, 0x03, 0x73, 0x3e, 0xe7, 0x01, 0x67, 0x3e,
  0xa2, 0x40, 0x56, 0x3d, 0x7a, 0x37, 0x81, 0x3d, 0x77, 0xcb, 0xc2, 0xbc,
  0x4c, 0x8b, 0x88, 0x3e, 0xf4, 0x0d, 0xd5, 0xbd, 0xe1, 0xa3, 0xb0, 0x3d,
  0x03, 0x1d, 0xe1, 0xbb, 0xd0, 0x70, 0x5a, 0xbe, 0x6b, 0x4e, 0x11, 0xbe,
  0x93, 0x21, 0x4a, 0xbe, 0xc0, 0x74, 0x93, 0x3b, 0x91, 0x7b, 0x28, 0x3e,
  0xda, 0x5a, 0x26, 0xbe, 0xe8, 0x0c, 0x44, 0xbe, 0x2d, 0x27, 0x98, 0xbd,
  0xf0, 0x2b, 0xbf, 0xbd, 0xe5, 0x38, 0x04, 0xbc, 0xf0, 0x48, 0x1a, 0xbe,
  0x4f, 0x2a, 0x76, 0x3e, 0xa7, 0x5b, 0x36, 0xbb, 0x9d, 0x9e, 0x1d, 0x3e,
  0x40, 0xaf, 0x0a, 0xbe, 0x30, 0xfd, 0xe4, 0xbe, 0xd7, 0x78, 0x5f, 0xbe,
  0xee, 0x85, 0xb7, 0x3c, 0x65, 0x84, 0x7f, 0xbb, 0xdc, 0xdb, 0x30, 0xbc,
  0x9b, 0xf7, 0x10, 0x3e, 0xfb, 0x94, 0x10, 0xbe, 0xe3, 0xb0, 0x28, 0x3e,
  0x4d, 0x5d, 0x59, 0x3e, 0x23, 0xd6, 0x9f, 0xbe, 0xa5, 0xea, 0xec, 0x3d,
  0xc7, 0x7f, 0x9d, 0x3d, 0xa0, 0x30, 0x62, 0x3d, 0xf0, 0x24, 0x80, 0xbe,
  0xf7, 0xc9, 0x09, 0xbe, 0x4b, 0x9e, 0x3a, 0x3d, 0x3f, 0x78, 0xdb, 0xbd,
  0xc7, 0x1a, 0x8a, 0x3e, 0x70, 0xa4, 0x4b, 0xbe, 0xa7, 0xe9, 0xcb, 0x3c,
  0xa1, 0x3a, 0xd4, 0x3e, 0x58, 0xb1, 0x2a, 0xbe, 0x0d, 0xc5, 0xf8, 0x3c,
  0xff, 0x55, 0x20, 0x3e, 0x8d, 0xab, 0x89, 0xbe, 0x88, 0x6c, 0x4c, 0xbe,
  0xda, 0x48, 0x22, 0x3e, 0x9b, 0x6f, 0xc3, 0xbd, 0x10, 0x9e, 0x32, 0xbe,
  0x2f, 0xe9, 0x73, 0x3d, 0x37, 0x4b, 0x2c, 0xbe, 0x77, 0xe6, 0x5d, 0x3e,
  0xd9, 0x57, 0x2e, 0xbe, 0xd9, 0x5c, 0x78, 0x3e, 0xb2, 0x69, 0xcc, 0x3d,
  0x7d, 0xa7, 0x77, 0xbe, 0x7c, 0x2a, 0x2b, 0xbe, 0x8b, 0x02, 0xf6, 0x3d,
  0x9c, 0x28, 0x4e, 0x3e, 0xc4, 0xed, 0x3f, 0x3d, 0x68, 0x4a, 0x88, 0x3e,
  0x95, 0x51, 0xe7, 0x3c, 0x44, 0xea, 0x46, 0x3e, 0xcc, 0x44, 0x86, 0x3c,
  0xc9, 0xd6, 0x3b, 0xbe, 0xb4, 0xc6, 0x1b, 0xbe, 0x28, 0xf2, 0xd9, 0xbd,
  0x27, 0xa2, 0xb7, 0xbd, 0x7a, 0xac, 0x8c, 0xbc, 0xf7, 0x5a, 0x2d, 0x3e,
  0xc7, 0xa4, 0x6b, 0xbd, 0xd9, 0x3c, 0x7c, 0xbe, 0x3f, 0xe4, 0x1a, 0x3b,
  0x8b, 0x2d, 0x53, 0x3e, 0x7e, 0x88, 0x3f, 0xbe, 0x4b, 0xeb, 0x4a, 0x3e,
  0x10, 0xb6, 0x4d, 0x3e, 0x38, 0x9b, 0x78, 0xbe, 0x44, 0xe8, 0x8e, 0xbd,
  0x7e, 0xb2, 0x9b, 0xbd, 0xe3, 0x56, 0x94, 0x3d, 0xbe, 0xad, 0xa0, 0xbe,
  0x16, 0xca, 0x52, 0x3e, 0x7c, 0x25, 0xa1, 0x3d, 0xa0, 0x68, 0x42, 0xbe,
  0x59, 0xef, 0xee, 0x3d, 0x41, 0x36, 0x2a, 0x3e, 0xfb, 0xe7, 0x99, 0x3e,
  0x6b, 0x26, 0xb3, 0x3d, 0x92, 0xbe, 0x69, 0x3e, 0xf3, 0x99, 0x2c, 0xbe,
  0x29, 0xe8, 0x65, 0xbb, 0x73, 0x3a, 0x52, 0xbe, 0xe2, 0x82, 0xdc, 0xbc,
  0x23, 0xd8, 0x95, 0x3e, 0x06, 0x2c, 0x70, 0xbe, 0x2e, 0x31, 0x39, 0x3e,
  0xec, 0x17, 0x81, 0x3d, 0x65, 0x4c, 0x50, 0xbe, 0xc6, 0x97, 0x36, 0xbe,
  0x3a, 0x48, 0x91, 0xbe, 0xff, 0x96, 0xbe, 0xbc, 0x6d, 0x47, 0x8e, 0xbc,
  0xe1, 0x13, 0x86, 0xbe, 0xc0, 0x0e, 0x29, 0x3e, 0x6f, 0x56, 0x93, 0x3e,
  0xb6, 0x9b, 0x5e, 0x3e, 0xb7, 0x89, 0xa7, 0xbd, 0x97, 0xa1, 0x36, 0x3e,
  0x6e, 0x99, 0x0d, 0xbe, 0xd5, 0xbd, 0xa5, 0x3d, 0x24, 0x93, 0xad, 0x3d,
  0x7b, 0xca, 0x2b, 0x3c, 0x64, 0xae, 0xbe, 0x3d, 0x7d, 0x93, 0x82, 0x3d,
  0x7c, 0x97, 0x11, 0x3e, 0xb2, 0x56, 0x8b, 0xbd, 0x6e, 0x86, 0x35, 0x3d,
  0x55, 0x70, 0xd1, 0xbd, 0x01, 0x8a, 0x58, 0xbe, 0xdb, 0x06, 0x05, 0xbc,
  0x25, 0x3c, 0x1d, 0xbe, 0xca, 0xdd, 0x46, 0x3e, 0xd7, 0x2b, 0xec, 0x3c,
  0x85, 0x15, 0x3d, 0xbe, 0xbf, 0x23, 0x29, 0xbd, 0x26, 0x06, 0x3b, 0x3e,
  0x45, 0x2c, 0x66, 0xbc, 0x9f, 0x47, 0x0f, 0x3d, 0x9d, 0x52, 0xa2, 0xbe,
  0x82, 0x03, 0x6e, 0xbe, 0x91, 0x4f, 0xaa, 0x3c, 0xea, 0x48, 0xf0, 0xbd,
  0xab, 0xad, 0xde, 0xbd, 0x3c, 0xa3, 0xe9, 0x3d, 0xf0, 0x81, 0x20, 0x3d,
  0xe8, 0xdf, 0x38, 0xbe, 0x9c, 0x2b, 0x4e, 0x3d, 0x8c, 0x27, 0x43, 0x3e,
  0xfc, 0xa3, 0xc7, 0xbe, 0xc9, 0x44, 0x9f, 0xbc, 0xa3, 0x73, 0x41, 0xbe,
  0x1f, 0x47, 0xca, 0x3c, 0x1a, 0x68, 0xa8, 0x3d, 0xa3, 0x74, 0x70, 0xbe,
  0xee, 0xda, 0x1d, 0xbe, 0xbb, 0x1f, 0x8e, 0xbe, 0x53, 0x67, 0x16, 0xbe,
  0xca, 0x99, 0x3c, 0xbe, 0x74, 0x05, 0x2e, 0xbd, 0xc3, 0xfa, 0x1f, 0x3e,
  0x4c, 0xa2, 0x3c, 0x3e, 0xff, 0x27, 0x97, 0xbd, 0x9e, 0xd1, 0x2a, 0x3e,
  0xea, 0xd9, 0x18, 0xbe, 0x65, 0xda, 0x7c, 0x3e, 0xc7, 0x5d, 0x92, 0xbb,
  0x5f, 0x1b, 0x0f, 0x3d, 0x81, 0x45, 0xa1, 0xbe, 0x38, 0x1b, 0x7e, 0x3e,
  0x8c, 0xf5, 0x50, 0x3e, 0x6f, 0x66, 0x3f, 0xbe, 0x05, 0x2d, 0x09, 0xbe,
  0xe4, 0x93, 0x72, 0x3e, 0xf0, 0xff, 0xb5, 0x3e, 0x31, 0x07, 0xad, 0x3c,
  0x58, 0x9b, 0x9e, 0x3d, 0x96, 0xa1, 0x22, 0xbe, 0x2e, 0x53, 0x36, 0xbd,
  0xc6, 0xd3, 0x1c, 0x3d, 0x9a, 0x37, 0x49, 0xbe, 0x12, 0xae, 0x26, 0x3e,
  0x2c, 0xd6, 0x64, 0xbe, 0x86, 0x15, 0x5e, 0xbe, 0x81, 0x7e, 0x88, 0xbe,
  0x63, 0xb8, 0x08, 0xbe, 0x35, 0xb4, 0x26, 0x3e, 0x12, 0x11, 0x2c, 0x3d,
  0x3c, 0x0b, 0x43, 0x3d, 0x30, 0x24, 0xe8, 0x3d, 0x58, 0x58, 0x3e, 0x3e,
  0xc3, 0x19, 0x9d, 0xbd, 0x51, 0x40, 0x6b, 0x3e, 0x02, 0xac, 0x8c, 0xbd,
  0xb4, 0xd1, 0xf9, 0xbd, 0x63, 0x64, 0x01, 0x3e, 0x85, 0x92, 0x16, 0x3e,
  0x04, 0xe8, 0x41, 0xbc, 0x3a, 0x64, 0x73, 0xbe, 0x34, 0x3e, 0x81, 0x3e,
  0xc7, 0xa2, 0xd0, 0x3d, 0xf0, 0x30, 0xc7, 0xbd, 0x54, 0x46, 0xd5, 0x3d,
  0xfa, 0x8f, 0x9b, 0x3e, 0xc0, 0xa6, 0xe6, 0x3d, 0xb0, 0xf1, 0x1a, 0x3d,
  0x9c, 0x6b, 0x23, 0x3e, 0x64, 0x24, 0x12, 0x3e, 0x79, 0xaa, 0x98, 0x3e,
  0x42, 0x39, 0x7c, 0xbd, 0x65, 0x40, 0xa6, 0x3b, 0x13, 0x93, 0x25, 0xbd,
  0x2b, 0x48, 0x87, 0x3e, 0xc4, 0xb6, 0x8b, 0x3e, 0x14, 0x47, 0xa8, 0xbd,
  0x60, 0x90, 0xac, 0xbd, 0xa7, 0x8a, 0x2e, 0xbe, 0xde, 0x1a, 0x0b, 0x3e,
  0xa8, 0x7b, 0x8d, 0xbd, 0x2f, 0xd9, 0x00, 0xbc, 0xd7, 0xfd, 0x9c, 0xbd,
  0x8e, 0xec, 0xaa, 0x3d, 0xfa, 0xf1, 0x70, 0xbe, 0x57, 0xac, 0x7e, 0x3e,
  0xeb, 0xf3, 0x85, 0x3e, 0xe6, 0xa2, 0x2d, 0x3e, 0x81, 0x75, 0x4e, 0x3e,
  0xbe, 0xae, 0xcb, 0xbd, 0xa3, 0xf0, 0xbd, 0x3e, 0x84, 0x80, 0x68, 0x3e,
  0xc3, 0x21, 0xa4, 0xbe, 0xb8, 0x0d, 0xb0, 0x3c, 0x85, 0x38, 0x1f, 0xbe,
  0x8b, 0xdf, 0x93, 0x3e, 0x79, 0x6d, 0x09, 0xbe, 0x4f, 0x9e, 0xe5, 0x3d,
  0x70, 0x5f, 0x8f, 0xbe, 0x01, 0xaa, 0x67, 0x3e, 0xb8, 0xfb, 0xa4, 0xbd,
  0x96, 0x01, 0xb8, 0xbd, 0xa3, 0x61, 0xc9, 0xbc, 0xba, 0x7d, 0x8b, 0x3e,
  0x0c, 0xd2, 0xee, 0x3c, 0xd7, 0xef, 0xbd, 0xbc, 0x45, 0x9a, 0x7e, 0xbe,
  0xb4, 0xdc, 0x9c, 0xbb, 0xb2, 0x48, 0xc9, 0x3d, 0xf8, 0x66, 0x6b, 0xbe,
  0x96, 0x9b, 0x74, 0xbe, 0x3b, 0x32, 0x75, 0xbd, 0xd6, 0xd3, 0x2c, 0xbd,
  0xe4, 0x12, 0xb3, 0x3e, 0x7b, 0x81, 0x1b, 0xbe, 0x3a, 0x6a, 0xb2, 0xbd,
  0x7d, 0xb8, 0x70, 0x3d, 0x33, 0xc2, 0x6a, 0x3e, 0x7a, 0xef, 0x74, 0x3e,
  0x53, 0xa2, 0x7e, 0xbe, 0x34, 0xd4, 0xd6, 0x3d, 0xf0, 0xb1, 0x87, 0xbd,
  0x69, 0xb3, 0xd9, 0xbd, 0x2e, 0x1d, 0x79, 0xbe, 0xe1, 0x8b, 0x62, 0xb9,
  0xae, 0x6b, 0x59, 0xbe, 0x2e, 0x3d, 0xca, 0xbd, 0x0f, 0x4b, 0x41, 0x3e,
  0x62, 0x66, 0xcf, 0x3d, 0x7e, 0x3d, 0x44, 0x3e, 0x9f, 0xe7, 0xb7, 0xbd,
  0x60, 0x41, 0x6f, 0x3e, 0xae, 0xbd, 0x41, 0x3d, 0x30, 0xe4, 0x3f, 0x3e,
  0xf8, 0xcb, 0xa8, 0x3e, 0x65, 0x89, 0x80, 0x3e, 0xc0, 0x3c, 0x9f, 0x3e,
  0xe6, 0xde, 0xff, 0xff, 0x04, 0x00, 0x00, 0x00, 0x00, 0x06, 0x00, 0x00,
  0x2b, 0x05, 0x22, 0xbe, 0x14, 0x2a, 0x91, 0x3e, 0x51, 0x26, 0x12, 0x3e,
  0xfd, 0xbf, 0x83, 0x3c, 0x9e, 0x28, 0x19, 0x3e, 0x33, 0x81, 0x6e, 0xbe,
  0x6d, 0xbe, 0x4a, 0x3e, 0xdd, 0x53, 0x02, 0xbd, 0x45, 0x85, 0x1a, 0xbe,
  0xfe, 0x1a, 0x26, 0xbe, 0x88, 0x6d, 0x09, 0x3e, 0xb4, 0x08, 0xab, 0xbd,
  0x47, 0xc4, 0x85, 0xbd, 0x21, 0x6c, 0x25, 0xbe, 0x47, 0x41, 0xcb, 0x3d,
  0x13, 0x4d, 0xc1, 0xbd, 0xc8, 0x8b, 0x8a, 0x3e, 0x7f, 0xf8, 0x19, 0x3d,
  0x16, 0x4d, 0x52, 0x3e, 0x58, 0x24, 0xa1, 0x3e, 0xa0, 0x49, 0x8b, 0x3e,
  0x83, 0x10, 0x81, 0x3e, 0xe1, 0xde, 0x7b, 0x3e, 0xc1, 0x29, 0x8d, 0xbc,
  0xad, 0x70, 0x3b, 0x3e, 0x06, 0xad, 0x44, 0xbe, 0x25, 0x0e, 0x37, 0xbe,
  0x12, 0xf3, 0x80, 0x3c, 0x21, 0x6b, 0x7d, 0x3e, 0x6c, 0x53, 0x33, 0x3c,
  0x0f, 0xb0, 0xa6, 0x3e, 0xdb, 0x25, 0x02, 0x3e, 0xe5, 0x31, 0x8d, 0xbe,
  0x14, 0xd7, 0xe1, 0x3d, 0x76, 0xc2, 0x77, 0x3d, 0x35, 0x31, 0x21, 0xbe,
  0xfc, 0xbf, 0x6d, 0x3b, 0xde, 0x2a, 0x3f, 0x3e, 0xb5, 0x37, 0xb1, 0xbd,
  0x76, 0x4e, 0x89, 0xbe, 0x45, 0xa1, 0x0c, 0x3e, 0x0d, 0x44, 0x98, 0xbe,
  0xbc, 0x23, 0x5e, 0x3d, 0xad, 0xb8, 0x28, 0xbd, 0x41, 0x14, 0x93, 0xbe,
  0xbf, 0xcf, 0x55, 0xbe, 0x50, 0x61, 0x8f, 0xbe, 0xbc, 0xa6, 0x01, 0x3e,
  0x77, 0xb2, 0x04, 0xbe, 0x01, 0x9f, 0xc1, 0xbe, 0x73, 0x33, 0x61, 0xbe,
  0x7e, 0x95, 0xb6, 0xbe, 0x56, 0x09, 0x78, 0x3d, 0x3c, 0xf8, 0x2b, 0x3e,
  0x33, 0x1b, 0x9b, 0x3e, 0x98, 0x3c, 0x82, 0xbc, 0x6d, 0x8a, 0x25, 0x3e,
  0x5d, 0x59, 0x0c, 0x3e, 0x56, 0xef, 0x96, 0xbe, 0xf0, 0x87, 0x15, 0x3e,
  0x30, 0x48, 0x64, 0xbd, 0xd8, 0xb1, 0x5e, 0x3e, 0xb5, 0x55, 0x41, 0xbd,
  0xd3, 0xf6, 0x95, 0xbe, 0x8b, 0x5c, 0x8a, 0xbc, 0x02, 0x02, 0x9e, 0xbe,
  0x7a, 0x8b, 0xb4, 0x3d, 0xfe, 0x76, 0x65, 0x3e, 0xb9, 0xfb, 0x3e, 0x3d,
  0xa8, 0xa6, 0xc5, 0xbd, 0xe3, 0xb8, 0x98, 0xbe, 0x4d, 0x3d, 0x9b, 0x3d,
  0xd4, 0x5d, 0x95, 0x3e, 0x36, 0x8d, 0xb4, 0xbd, 0x3d, 0x58, 0x59, 0xbd,
  0xed, 0x91, 0xcd, 0x3d, 0xb4, 0x88, 0x71, 0xbe, 0xcf, 0x33, 0xbe, 0x3e,
  0x4b, 0x43, 0x8a, 0x3d, 0x13, 0xf7, 0xf7, 0xbc, 0x5e, 0xf4, 0x46, 0xbe,
  0x61, 0xa8, 0x35, 0xbe, 0x1b, 0x0a, 0x05, 0x3e, 0x0a, 0xa5, 0xfd, 0x3c,
  0xe3, 0x0b, 0x51, 0x3e, 0xba, 0x3e, 0x2e, 0xbd, 0xe1, 0xe2, 0x1a, 0x3e,
  0x0b, 0x3e, 0x8a, 0xbe, 0x4e, 0x37, 0x44, 0xbe, 0xee, 0x8c, 0xb5, 0xbc,
  0xb5, 0x2a, 0x62, 0xbe, 0xa4, 0x28, 0x86, 0xbe, 0x56, 0xcd, 0x72, 0x3e,
  0x89, 0xc2, 0x0a, 0xbe, 0xb3, 0x9b, 0x02, 0xbe, 0xe5, 0x0e, 0xb2, 0x3d,
  0x5b, 0x14, 0xb2, 0xbd, 0x80, 0x15, 0xaa, 0x3b, 0x24, 0xce, 0x99, 0x3e,
  0x6a, 0xdf, 0xf6, 0xbd, 0xde, 0x05, 0x89, 0x3d, 0x23, 0xb5, 0xac, 0xbd,
  0x83, 0x39, 0x13, 0xbe, 0x2f, 0x72, 0x0c, 0xbe, 0x55, 0x93, 0x88, 0x3e,
  0x52, 0xa9, 0x38, 0x3c, 0x7e, 0xa9, 0x38, 0x3e, 0x60, 0xeb, 0xb0, 0xbe,
  0x69, 0xfe, 0xbf, 0x3d, 0x97, 0x83, 0x52, 0xbe, 0xdc, 0x41, 0x88, 0x3e,
  0x34, 0xb2, 0x94, 0x3c, 0x66, 0x3e, 0x6e, 0xbe, 0x3c, 0xde, 0x7b, 0xbb,
  0x39, 0x68, 0x62, 0xbe, 0xbb, 0x7c, 0x4a, 0xbe, 0x3c, 0xc4, 0x88, 0x3d,
  0xec, 0x44, 0xe6, 0x3c, 0xe6, 0x0f, 0xe1, 0x3b, 0x87, 0xb0, 0x61, 0x3e,
  0x24, 0xf4, 0x9a, 0xbd, 0x9d, 0x00, 0x10, 0xbe, 0x8f, 0xd3, 0xce, 0x3d,
  0x6d, 0x3f, 0x80, 0xbe, 0xd6, 0xa7, 0x92, 0xbe, 0xb1, 0xc0, 0x48, 0xbe,
  0xc1, 0x07, 0x80, 0x3d, 0xca, 0x3d, 0xaa, 0x3d, 0xed, 0x92, 0x47, 0x3e,
  0xe0, 0x80, 0x4c, 0xbe, 0x76, 0xff, 0xb4, 0x3d, 0xef, 0x15, 0xa4, 0x3d,
  0x6a, 0xff, 0x9e, 0xbe, 0xe9, 0x81, 0x3d, 0x3e, 0xd3, 0x3e, 0x9e, 0xbd,
  0xc4, 0xca, 0x19, 0xbe, 0x74, 0x27, 0x5e, 0xbe, 0x28, 0x8b, 0xdd, 0xbd,
  0xe5, 0x35, 0x47, 0x3e, 0xd3, 0x96, 0xdd, 0x3d, 0xf0, 0x0e, 0x33, 0xbe,
  0x46, 0xab, 0x56, 0xbe, 0x83, 0xb7, 0x8d, 0x3e, 0x31, 0xbd, 0xdc, 0x3d,
  0x1a, 0xe6, 0x83, 0xbe, 0x0a, 0x15, 0x15, 0xbe, 0x4f, 0x3a, 0x83, 0x3d,
  0x79, 0xa5, 0x7f, 0xbe, 0x28, 0x5e, 0x9a, 0xbe, 0xac, 0x9d, 0x32, 0xbe,
  0xbe, 0xaa, 0x44, 0xbe, 0x80, 0x84, 0xb6, 0xbe, 0x95, 0x79, 0x02, 0xbd,
  0x6d, 0xfc, 0x86, 0xbe, 0xc0, 0x1d, 0x86, 0xbd, 0xe2, 0xd6, 0xa8, 0xbd,
  0xc7, 0x75, 0x0b, 0x3d, 0x8c, 0xf9, 0x8f, 0xbd, 0xf8, 0x28, 0xaa, 0xbc,
  0x88, 0x75, 0x65, 0x3e, 0xb0, 0xae, 0x82, 0xbe, 0xc2, 0x89, 0xc8, 0x3d,
  0xa7, 0xfb, 0xba, 0x3d, 0x0c, 0x26, 0x4b, 0xbe, 0xb2, 0xfb, 0x64, 0x3e,
  0x4f, 0xf4, 0x7b, 0x3d, 0x3d, 0x04, 0x6b, 0x3d, 0x13, 0x71, 0x82, 0x3d,
  0x29, 0xe6, 0x7a, 0xbe, 0x95, 0x8c, 0x1d, 0xbe, 0x08, 0x9e, 0x5c, 0x3e,
  0xa3, 0xa1, 0xc3, 0xbb, 0xe4, 0xd0, 0x78, 0xbe, 0x04, 0x98, 0x83, 0x3e,
  0x85, 0x98, 0x46, 0xbe, 0x18, 0x93, 0x57, 0xbc, 0xe8, 0x6e, 0x8a, 0xbe,
  0xfa, 0x1d, 0x4c, 0xbd, 0x8d, 0x83, 0x69, 0x3c, 0xa0, 0x49, 0x8e, 0xbe,
  0x2b, 0x12, 0x4b, 0xbd, 0x96, 0x26, 0x14, 0xbe, 0x85, 0xfc, 0xae, 0x3b,
  0x82, 0x61, 0x79, 0x3e, 0x27, 0xfc, 0x87, 0xbe, 0x08, 0xa0, 0xdd, 0x3d,
  0x71, 0x7b, 0x46, 0xbe, 0x00, 0x85, 0x47, 0x3d, 0x71, 0x2c, 0x3b, 0x3e,
  0xd4, 0x78, 0xf7, 0x3d, 0x6f, 0x90, 0x24, 0x3e, 0x1f, 0x8b, 0x88, 0x3e,
  0xf5, 0x05, 0x1c, 0xbe, 0x2d, 0x28, 0x0d, 0x3d, 0xdf, 0xb6, 0x81, 0x3e,
  0xe4, 0x8f, 0x59, 0x3d, 0x21, 0xa1, 0x66, 0x3d, 0x81, 0x84, 0x9d, 0x3d,
  0xbc, 0x3e, 0x94, 0xbd, 0xe0, 0x25, 0x20, 0xbe, 0xa7, 0x2c, 0x1b, 0xbe,
  0x0a, 0x74, 0x8c, 0x3d, 0x66, 0x7c, 0x4f, 0x3e, 0x19, 0x3a, 0x38, 0x3e,
  0xff, 0x9a, 0xfe, 0xbd, 0xa7, 0x26, 0x88, 0x3d, 0xa4, 0x6f, 0x5b, 0xbd,
  0x89, 0xca, 0xd8, 0xbb, 0x6c, 0x03, 0x45, 0x3e, 0x5f, 0x6e, 0xf7, 0xbd,
  0x1e, 0x09, 0x5b, 0x3e, 0xbf, 0x6b, 0x5b, 0xbd, 0x98, 0x85, 0x4a, 0x3e,
  0xd3, 0x28, 0x80, 0x3e, 0x49, 0xd5, 0x71, 0x3e, 0x2d, 0x8c, 0x6e, 0xbe,
  0x75, 0xe4, 0x4a, 0x3e, 0xe8, 0x50, 0x01, 0x3d, 0x19, 0x31, 0x5e, 0xbe,
  0x16, 0x4d, 0xf6, 0xbd, 0xa8, 0x41, 0x84, 0x3c, 0xd1, 0xd5, 0x8b, 0xbe,
  0xcf, 0x01, 0x84, 0x3e, 0x3b, 0xa0, 0x7b, 0xbe, 0x86, 0xbf, 0x80, 0xbe,
  0xf8, 0xa5, 0x55, 0xbe, 0xe2, 0xb1, 0x8e, 0x3d, 0xcb, 0xb0, 0xf0, 0x3d,
  0x8f, 0xea, 0xca, 0xbd, 0x2b, 0x84, 0x5d, 0x3e, 0x88, 0x62, 0xe5, 0xbd,
  0xf2, 0x76, 0x35, 0xbe, 0x65, 0x51, 0x84, 0xbe, 0xa5, 0x3e, 0x97, 0xbe,
  0xe8, 0xf2, 0x27, 0x3e, 0x43, 0x0d, 0xbc, 0x3d, 0xd0, 0xf8, 0xff, 0x3d,
  0x64, 0x70, 0x8d, 0xbd, 0x84, 0x32, 0x1d, 0xbe, 0x04, 0x51, 0xdb, 0x3d,
  0x62, 0x2d, 0x06, 0xbd, 0xb8, 0x2f, 0x20, 0x3d, 0x08, 0xeb, 0x38, 0x3c,
  0x4c, 0xce, 0x47, 0x3e, 0x00, 0x28, 0x28, 0x3e, 0xe3, 0x33, 0x04, 0x3e,
  0x30, 0x40, 0x0f, 0xbe, 0xde, 0xc3, 0x8b, 0xbe, 0x6b, 0xcc, 0x81, 0x3c,
  0x3a, 0x43, 0x1e, 0x3e, 0x02, 0x7d, 0x5e, 0x3e, 0xf2, 0xb6, 0x34, 0x3d,
  0x19, 0xe2, 0x1d, 0x3e, 0x48, 0xc4, 0x1d, 0x3e, 0xa4, 0x89, 0x5c, 0xbe,
  0xb1, 0x20, 0x8b, 0xbc, 0x7f, 0xa2, 0x7c, 0x3e, 0x08, 0x4d, 0x30, 0x3e,
  0xcc, 0x46, 0xd3, 0xbd, 0xb1, 0xfc, 0x73, 0xbd, 0x2f, 0x36, 0xf4, 0xbb,
  0x6e, 0x51, 0x46, 0x3e, 0x33, 0xa2, 0x82, 0xbe, 0xe7, 0x0a, 0x91, 0xbd,
  0xbc, 0x6e, 0xf3, 0x3d, 0xff, 0x7e, 0x86, 0xbe, 0xfa, 0x28, 0x0b, 0xbc,
  0x30, 0x9f, 0x45, 0xbe, 0xf1, 0x50, 0x63, 0x3d, 0x93, 0xed, 0xcd, 0x3c,
  0xf9, 0xf9, 0x27, 0x3e, 0xfa, 0x8b, 0x9a, 0x3e, 0x41, 0xe5, 0xeb, 0x3d,
  0x56, 0x1b, 0xac, 0x3e, 0x6a, 0xbd, 0xa0, 0x3d, 0x5f, 0xa7, 0xa4, 0x3d,
  0x7f, 0x11, 0x24, 0x3e, 0x1f, 0xfe, 0x02, 0x3e, 0xc5, 0x68, 0x19, 0xbe,
  0x30, 0xac, 0x72, 0xbe, 0x75, 0xcf, 0x9e, 0x3d, 0xed, 0x79, 0x4a, 0x3d,
  0xea, 0x4e, 0x22, 0xbe, 0x0d, 0x6f, 0x9d, 0xbd, 0xf5, 0xf0, 0x8a, 0xbe,
  0x52, 0x90, 0x58, 0x3e, 0x97, 0x0c, 0x07, 0xbe, 0x57, 0x23, 0x8c, 0x3d,
  0x71, 0xe2, 0xfd, 0xbc, 0x23, 0x4b, 0x8d, 0x3e, 0x33, 0x6c, 0x31, 0xbe,
  0xd0, 0x0f, 0x72, 0xbe, 0xc8, 0x75, 0x04, 0x3e, 0xd4, 0x0d, 0x09, 0x3e,
  0x84, 0x36, 0x83, 0x3d, 0xbc, 0x10, 0x6d, 0xbe, 0xa2, 0x11, 0x48, 0x3e,
  0x1e, 0x17, 0x21, 0xbe, 0xbf, 0xfa, 0x93, 0x3c, 0xbc, 0x1b, 0x92, 0xbe,
  0x88, 0xd1, 0x96, 0x3d, 0xb2, 0x3b, 0x1e, 0xbe, 0xdc, 0xdd, 0x5c, 0x3e,
  0x71, 0xe1, 0x52, 0xbe, 0x8f, 0xbe, 0x93, 0x3e, 0xff, 0xd0, 0x6d, 0xbe,
  0x70, 0x30, 0x81, 0x3e, 0x87, 0xbf, 0x59, 0x3e, 0x91, 0x5a, 0xa3, 0x3d,
  0x25, 0x0b, 0xd7, 0xbd, 0xe2, 0x76, 0x54, 0x3e, 0x74, 0xff, 0xce, 0x3d,
  0x37, 0x4b, 0x73, 0xbe, 0x49, 0xb4, 0x12, 0xbe, 0x75, 0x53, 0x46, 0xbe,
  0x26, 0xda, 0x40, 0xbe, 0x21, 0x31, 0xc6, 0x3d, 0x90, 0xbb, 0x68, 0xbc,
  0xea, 0x42, 0x72, 0x3e, 0x46, 0xb3, 0xdd, 0xbd, 0x51, 0x6e, 0x9d, 0xbe,
  0xcb, 0xe2, 0x5b, 0x3d, 0xae, 0xf7, 0x84, 0x3d, 0xac, 0xf1, 0x99, 0xbe,
  0xbf, 0x7b, 0x38, 0x3d, 0x78, 0x54, 0x15, 0x3e, 0xa6, 0xe9, 0x1b, 0x3e,
  0x99, 0x36, 0xa0, 0x3c, 0x03, 0x28, 0x87, 0xbe, 0x1d, 0x84, 0xa7, 0x3e,
  0xf6, 0x42, 0x48, 0xbd, 0x69, 0x3d, 0xb7, 0xbe, 0xaf, 0x69, 0x1f, 0xbe,
  0xf9, 0xa8, 0x92, 0xbd, 0x99, 0x47, 0x10, 0x3e, 0xc7, 0x67, 0xd7, 0xbd,
  0x32, 0xf0, 0x16, 0x3d, 0x4a, 0xc8, 0x27, 0x3d, 0x2a, 0xd5, 0xbb, 0x3b,
  0xb0, 0xc0, 0xae, 0x3e, 0x7d, 0xee, 0x89, 0x3e, 0xc2, 0xc3, 0x06, 0x3e,
  0xba, 0xc7, 0x3d, 0xbe, 0x0e, 0x48, 0x68, 0x3d, 0x47, 0xbe, 0x1c, 0x3e,
  0xe4, 0x3f, 0x3e, 0x3e, 0xbf, 0x2f, 0x74, 0xbe, 0xbe, 0x88, 0x78, 0x3e,
  0x0b, 0x3e, 0x86, 0x3e, 0x01, 0xd9, 0x0a, 0x3e, 0x68, 0x31, 0x4d, 0xbd,
  0xf7, 0xfb, 0x78, 0x3e, 0xf7, 0x59, 0xdb, 0x3c, 0xe5, 0x61, 0xbf, 0x3d,
  0xae, 0xaa, 0xd1, 0xbd, 0xcd, 0x10, 0xfc, 0x3d, 0x63, 0x8c, 0x61, 0xbd,
  0x4c, 0x3e, 0xf8, 0x3d, 0x81, 0xef, 0x10, 0xbd, 0x4b, 0xe7, 0x1a, 0x3d,
  0xef, 0x8e, 0x77, 0x3e, 0x34, 0x16, 0xbf, 0xbc, 0x3d, 0xe0, 0x0d, 0xbe,
  0xa8, 0x66, 0x26, 0xbd, 0xde, 0xd2, 0x3d, 0xb9, 0xea, 0xaa, 0x62, 0xbe,
  0xa8, 0x80, 0x4b, 0xbe, 0xfb, 0x9f, 0xed, 0xbc, 0xd9, 0x60, 0x83, 0xbe,
  0xe6, 0x04, 0x9f, 0x3c, 0xb5, 0x73, 0xda, 0xbe, 0x35, 0x48, 0x92, 0x3d,
  0x0b, 0x11, 0x29, 0x3e, 0x80, 0xe1, 0xa6, 0xbd, 0x42, 0xea, 0x24, 0xbe,
  0x9e, 0x3c, 0x36, 0x3e, 0x11, 0x4d, 0xec, 0x3d, 0x16, 0xf9, 0xf8, 0xbd,
  0xf8, 0xfa, 0xc3, 0xbe, 0x3f, 0xef, 0x8a, 0xbc, 0x26, 0xe7, 0xa1, 0x3d,
  0xee, 0xee, 0x66, 0xbe, 0x5b, 0x4f, 0x3d, 0x3e, 0xf8, 0xb7, 0xa1, 0x3c,
  0xf2, 0xe4, 0xff, 0xff, 0x04, 0x00, 0x00, 0x00, 0x00, 0x18, 0x00, 0x00,
  0x44, 0x6b, 0x08, 0x3e, 0xbf, 0x12, 0xc8, 0xbd, 0xe8, 0x6a, 0x00, 0x3e,
  0x18, 0xd1, 0x94, 0xbc, 0x49, 0x70, 0xa5, 0x3d, 0x8f, 0xa1, 0xcf, 0xbd,
  0x30, 0xd5, 0x8b, 0xbd, 0x8b, 0x33, 0x86, 0x3e, 0x97, 0xe1, 0xc0, 0xbd,
  0x68, 0x36, 0x45, 0xbe, 0x58, 0xb7, 0x12, 0x3e, 0xb2, 0xbc, 0x18, 0x3e,
  0x07, 0x53, 0x63, 0x3d, 0x1b, 0x80, 0x1f, 0xbe, 0x3f, 0x98, 0x0b, 0xbe,
  0xeb, 0x4e, 0xb2, 0x3d, 0x7f, 0xb6, 0x4a, 0xbe, 0x46, 0x84, 0xba, 0x3d,
  0x89, 0x65, 0x83, 0x3c, 0x23, 0xb5, 0xbf, 0x3d, 0xd0, 0x2c, 0xcc, 0x3d,
  0x62, 0x2e, 0x1c, 0x3e, 0xb0, 0x83, 0xe8, 0x3d, 0x6c, 0x19, 0x59, 0x3d,
  0xe5, 0xcb, 0x20, 0x3e, 0x1d, 0x4e, 0x3d, 0xbe, 0xcc, 0x61, 0x03, 0xbe,
  0x98, 0xed, 0x0d, 0xbe, 0x79, 0xe3, 0x20, 0xbc, 0x21, 0xe1, 0xe4, 0x3c,
  0x40, 0xff, 0x23, 0xbe, 0x3e, 0x56, 0x11, 0xbe, 0xbf, 0x2e, 0x20, 0xbd,
  0xb1, 0xba, 0xc8, 0x3c, 0x1d, 0x81, 0x14, 0x3e, 0x18, 0x45, 0x55, 0xbd,
  0x10, 0x1f, 0xaa, 0x3d, 0xb7, 0x91, 0xf1, 0x3c, 0x42, 0x0f, 0x45, 0x3e,
  0x7b, 0x28, 0x24, 0x3e, 0x1d, 0x8e, 0xea, 0x3b, 0xff, 0xbd, 0x2d, 0xbe,
  0xc5, 0xe2, 0x73, 0xbe, 0xd1, 0x79, 0x1b, 0xbe, 0x2a, 0xa9, 0x45, 0xbe,
  0x4d, 0xb2, 0x8a, 0x3d, 0xc0, 0xa6, 0x28, 0x3e, 0x3f, 0xcd, 0xd4, 0x3d,
  0xab, 0xb1, 0x50, 0xbd, 0xde, 0x3e, 0xb9, 0xbd, 0xf3, 0xe3, 0x3c, 0x3b,
  0xc3, 0xcd, 0x9c, 0xbd, 0x33, 0xaa, 0xa4, 0x3d, 0xea, 0xd4, 0x72, 0x3d,
  0x47, 0x7e, 0x86, 0x3b, 0xd4, 0x90, 0x13, 0xbc, 0x30, 0xda, 0x11, 0xbe,
  0x1b, 0x96, 0x94, 0x3d, 0xb5, 0x4c, 0x02, 0x3e, 0x23, 0xe3, 0x8f, 0xbc,
  0x72, 0x15, 0x32, 0x3d, 0xcb, 0xe6, 0x57, 0x3e, 0xe3, 0x35, 0x38, 0x3e,
  0x15, 0x5e, 0x00, 0x3e, 0xbf, 0x34, 0x05, 0xbd, 0xf2, 0x82, 0x97, 0xbe,
  0xef, 0xec, 0x2a, 0xbd, 0x96, 0xdd, 0x4d, 0x3d, 0xd0, 0x06, 0x90, 0x3d,
  0x03, 0x2c, 0x26, 0x3e, 0xe1, 0x80, 0x02, 0x3d, 0x0e, 0xc5, 0xfe, 0xba,
  0xf8, 0x5a, 0x33, 0xbe, 0xf7, 0x01, 0xdd, 0x3c, 0x10, 0xfd, 0x84, 0x3d,
  0x96, 0x9e, 0x35, 0x3e, 0xaf, 0x31, 0x03, 0x3e, 0x9d, 0x57, 0xc8, 0xba,
  0x70, 0x3f, 0x6f, 0xbe, 0x7b, 0x3f, 0xdb, 0xbc, 0xf8, 0x64, 0x1b, 0x3d,
  0x6d, 0x6b, 0x27, 0xbe, 0xf3, 0x20, 0x44, 0x3d, 0x8b, 0xa5, 0x25, 0x3d,
  0xbf, 0xfa, 0xfa, 0xbd, 0xb1, 0x71, 0x27, 0xbe, 0x99, 0x16, 0xe1, 0x3d,
  0x18, 0x84, 0xb4, 0x3d, 0x46, 0xc8, 0x83, 0xbd, 0x5a, 0xf4, 0xec, 0x3d,
  0x65, 0x4b, 0x3f, 0xbe, 0xc1, 0x8c, 0x88, 0x3c, 0x5d, 0x57, 0x0b, 0xbd,
  0xa1, 0xe9, 0x59, 0x3e, 0xd2, 0x46, 0x0d, 0xbd, 0x2c, 0x51, 0xee, 0x3d,
  0xbd, 0xdf, 0x2c, 0xbd, 0xef, 0x86, 0x2e, 0x3e, 0x73, 0xf0, 0x5a, 0x3d,
  0xe9, 0x81, 0x9f, 0x3d, 0xde, 0xc9, 0xbe, 0x3d, 0x71, 0x90, 0x16, 0xbe,
  0x64, 0x19, 0x3c, 0x3e, 0x57, 0x7b, 0x3f, 0x3e, 0x37, 0xde, 0xb7, 0x3d,
  0x58, 0xe0, 0x30, 0xbc, 0x2c, 0x15, 0x30, 0xbb, 0xcb, 0xa8, 0x93, 0x3c,
  0x16, 0xba, 0xe1, 0xbc, 0xee, 0x76, 0xb4, 0xbd, 0xad, 0x43, 0x1f, 0x3e,
  0xf6, 0x11, 0x42, 0x3e, 0xdc, 0xda, 0x1c, 0x3e, 0x6f, 0x10, 0xb8, 0xbd,
  0xab, 0x0a, 0xfe, 0xbd, 0xaa, 0xfb, 0x45, 0x3e, 0x16, 0xa6, 0x8b, 0x3a,
  0xd8, 0x6b, 0x5a, 0x3e, 0xec, 0x99, 0x29, 0xbd, 0x45, 0xdb, 0x96, 0x3d,
  0xa7, 0x02, 0x88, 0x3d, 0x4a, 0x03, 0xc8, 0xbd, 0x1b, 0xe6, 0x3c, 0x3d,
  0x67, 0x0c, 0x43, 0xbd, 0x1c, 0x6e, 0xdb, 0xb9, 0xc0, 0xde, 0x22, 0xbc,
  0xbd, 0x01, 0xb4, 0x3c, 0x4c, 0x15, 0x40, 0xbd, 0xd3, 0x40, 0x10, 0xbe,
  0xd3, 0xac, 0x64, 0x3d, 0x83, 0x91, 0x2f, 0x3e, 0x5b, 0xf3, 0xe8, 0xbc,
  0x51, 0x94, 0x5e, 0x3e, 0x2d, 0xe4, 0xae, 0x3d, 0x2e, 0xdd, 0x42, 0x3d,
  0xe5, 0x72, 0x61, 0x3d, 0xa8, 0xd9, 0xe6, 0x3d, 0x16, 0xda, 0x82, 0xbd,
  0xca, 0xa1, 0xb0, 0x3c, 0xe1, 0x06, 0x35, 0x3e, 0xfc, 0x3d, 0x94, 0xbd,
  0x1e, 0x0a, 0xc8, 0x3d, 0x82, 0x38, 0x67, 0xbd, 0x76, 0xc7, 0xe7, 0xbd,
  0xdb, 0xf6, 0x08, 0x3b, 0x1d, 0xad, 0x24, 0x3e, 0xce, 0x85, 0xa9, 0x3d,
  0x88, 0xf7, 0xf0, 0x3d, 0x03, 0x70, 0xc9, 0x3c, 0x82, 0x58, 0x0b, 0xbe,
  0xc4, 0x37, 0x16, 0xbe, 0x10, 0x45, 0x7c, 0x3d, 0xe0, 0x10, 0x88, 0xbc,
  0xae, 0xc1, 0x3b, 0x3e, 0x72, 0xb6, 0x2f, 0x3d, 0x68, 0x60, 0xe2, 0x3a,
  0x6f, 0xb5, 0x93, 0x3c, 0x70, 0xd0, 0x35, 0xbe, 0x1c, 0x13, 0x8b, 0xbe,
  0xfe, 0xf1, 0x83, 0xbe, 0x60, 0xf4, 0x1a, 0xbe, 0xe8, 0x77, 0xa9, 0x3d,
  0xa8, 0x59, 0xc3, 0x3d, 0xc4, 0x8e, 0xb6, 0xbd, 0x86, 0xd2, 0x34, 0xbd,
  0x0b, 0xff, 0x0f, 0xbe, 0x51, 0xdb, 0x90, 0x3d, 0xf9, 0x5b, 0xdd, 0xbd,
  0xea, 0xde, 0xf3, 0x3d, 0x5b, 0xdd, 0xcb, 0xbd, 0xcf, 0xba, 0xde, 0x3d,
  0x91, 0x9a, 0x35, 0xbb, 0xd9, 0x88, 0xb5, 0x3d, 0x2b, 0xba, 0xaa, 0xbd,
  0x1a, 0xe7, 0x67, 0xbe, 0x49, 0xf5, 0xdc, 0xbd, 0x93, 0x14, 0x77, 0xbe,
  0x50, 0xda, 0x19, 0xbe, 0x40, 0x71, 0xaa, 0xbc, 0x2d, 0x8e, 0x13, 0x3e,
  0x6f, 0x29, 0x68, 0x3c, 0xa2, 0x3f, 0x90, 0xbc, 0x15, 0xe4, 0xdd, 0xbd,
  0xfe, 0xf5, 0x0f, 0x3d, 0x6e, 0xe1, 0x25, 0x3d, 0x24, 0xc7, 0x76, 0x3e,
  0x45, 0x78, 0x91, 0xbe, 0x98, 0xb0, 0xbc, 0x3c, 0x19, 0xb9, 0x9f, 0x3d,
  0x63, 0x4f, 0x2d, 0xbe, 0xa2, 0xfe, 0xf3, 0xbd, 0x33, 0xd1, 0x2e, 0x3c,
  0x6c, 0x84, 0x06, 0x3e, 0xb7, 0x3b, 0x1f, 0x3d, 0x55, 0x7b, 0xf2, 0x3b,
  0x4b, 0x31, 0x78, 0xbd, 0x4b, 0x27, 0xce, 0x3d, 0x08, 0x00, 0x65, 0x3d,
  0x6c, 0x57, 0xee, 0x3d, 0xa3, 0x92, 0xce, 0xbb, 0xb5, 0x38, 0xa2, 0x3d,
  0xf3, 0x2f, 0x21, 0xbe, 0x08, 0x17, 0x27, 0xbe, 0xc0, 0x5f, 0x35, 0xbe,
  0xc3, 0x3b, 0x1f, 0x3d, 0xf5, 0xb4, 0x58, 0xbd, 0x6c, 0x55, 0x61, 0xbd,
  0xd3, 0x0a, 0x61, 0x3d, 0x94, 0x18, 0x60, 0xbe, 0xae, 0x00, 0xe2, 0xbc,
  0x72, 0x30, 0xc7, 0x3d, 0x64, 0x84, 0x3c, 0x3e, 0xa7, 0x21, 0xbf, 0xbd,
  0x3c, 0x31, 0x8d, 0x3d, 0x58, 0x39, 0x57, 0x3d, 0x09, 0x75, 0x0d, 0xbe,
  0x36, 0x30, 0x13, 0x3c, 0xfb, 0xb4, 0x49, 0xbe, 0x7b, 0x30, 0xab, 0xbd,
  0x46, 0xb3, 0x2f, 0xbe, 0x3e, 0xda, 0x35, 0x3e, 0x05, 0xbe, 0x42, 0xbc,
  0xe3, 0xd9, 0x7c, 0x3d, 0xa4, 0xe7, 0x2a, 0xbd, 0x15, 0xda, 0x38, 0xbe,
  0x97, 0x5a, 0x64, 0x3c, 0xc0, 0xb9, 0x57, 0x3e, 0x40, 0xb0, 0x12, 0xbb,
  0xff, 0x44, 0x3c, 0x3d, 0xa9, 0x71, 0x4d, 0xbc, 0xc4, 0xe1, 0x2b, 0xbe,
  0x83, 0x85, 0x98, 0x3d, 0x00, 0xb8, 0x45, 0xbe, 0x4c, 0x4a, 0xb6, 0x3d,
  0xd5, 0xca, 0x15, 0xbe, 0x25, 0x34, 0x67, 0xbc, 0x96, 0x7d, 0x7a, 0xbe,
  0x55, 0x04, 0xd7, 0xbd, 0xf0, 0x39, 0x3f, 0x3d, 0xed, 0x79, 0x0f, 0xbe,
  0x10, 0xa9, 0xa2, 0x3d, 0x02, 0xbf, 0x58, 0xbe, 0xe0, 0x8b, 0x6a, 0x3d,
  0xd5, 0x28, 0xca, 0xbd, 0xad, 0xe2, 0x9d, 0xbd, 0x69, 0xf2, 0xfc, 0x3d,
  0xa7, 0x13, 0x7b, 0xbe, 0xfe, 0x25, 0x05, 0xbe, 0x70, 0xce, 0xaf, 0x3d,
  0xbe, 0xf9, 0x82, 0xbd, 0xa0, 0xfe, 0xd1, 0xbd, 0x7c, 0xa4, 0xfe, 0x3d,
  0xe9, 0x03, 0x64, 0xbe, 0x7a, 0x25, 0x9e, 0xbd, 0x51, 0x47, 0x4f, 0xbd,
  0xc0, 0x35, 0x31, 0xbd, 0xf7, 0x77, 0x69, 0xbd, 0xba, 0xed, 0x8b, 0xbe,
  0x60, 0xd9, 0xec, 0x3b, 0xe0, 0x52, 0x8a, 0x3d, 0xa9, 0xbd, 0x49, 0xbe,
  0x3b, 0x6f, 0x1b, 0xbd, 0x81, 0xb2, 0x41, 0xbe, 0x1b, 0x9f, 0x62, 0x3d,
  0x35, 0x1d, 0x10, 0x3e, 0x8a, 0x62, 0x36, 0x3d, 0x28, 0x00, 0x37, 0xbd,
  0x19, 0xc4, 0x43, 0xbe, 0x5d, 0x21, 0x05, 0xbc, 0xc1, 0x46, 0x6e, 0xbd,
  0x92, 0x51, 0xaa, 0xbd, 0x0c, 0x96, 0x3f, 0xbe, 0xe6, 0x9d, 0xbc, 0x3d,
  0x29, 0xa1, 0xb6, 0x3c, 0x5a, 0x5a, 0x2c, 0xbe, 0xba, 0x8d, 0x5e, 0xbe,
  0xc5, 0x26, 0xe7, 0x3d, 0xd5, 0x34, 0xc2, 0xbd, 0x59, 0x58, 0xb8, 0xbd,
  0xa9, 0x0f, 0x95, 0xbd, 0xf9, 0x7f, 0xe1, 0xbd, 0x19, 0x1e, 0x2f, 0xbc,
  0x82, 0x5a, 0x1e, 0x3e, 0xcd, 0x52, 0x11, 0xbd, 0xa8, 0xfc, 0x15, 0xbd,
  0x81, 0x19, 0x5a, 0xbb, 0x04, 0xde, 0xdb, 0x3d, 0x7c, 0xd9, 0xb9, 0x3c,
  0x84, 0x20, 0x23, 0xbe, 0x79, 0x69, 0x9a, 0xbd, 0xa7, 0xe5, 0x0e, 0x3d,
  0xe0, 0x9d, 0x9b, 0x3c, 0xd6, 0x19, 0x75, 0xbd, 0xea, 0x6b, 0x9e, 0xbd,
  0x72, 0x53, 0x47, 0xbe, 0xe8, 0x21, 0xb0, 0xbd, 0x32, 0x22, 0xef, 0xbd,
  0xea, 0xa6, 0x2f, 0xbe, 0xb9, 0xd2, 0x6d, 0xbc, 0xfa, 0x49, 0x06, 0x3e,
  0x95, 0xd2, 0xe3, 0xbd, 0x22, 0xe4, 0x8d, 0xbd, 0xf5, 0x9a, 0x26, 0xbc,
  0xb8, 0x12, 0xbc, 0x3c, 0x5f, 0x7f, 0x0c, 0xbd, 0xfc, 0x46, 0x8e, 0xbd,
  0x76, 0x38, 0xfd, 0xbd, 0x52, 0xbb, 0x69, 0x3d, 0x41, 0xbb, 0x2a, 0x3e,
  0x0d, 0xef, 0x14, 0xbe, 0xc0, 0x61, 0x07, 0x3e, 0xc7, 0x17, 0xdb, 0x3d,
  0x67, 0x7c, 0xe1, 0x3d, 0xec, 0xa3, 0xe6, 0xbd, 0x60, 0x32, 0x93, 0x3d,
  0x62, 0xc1, 0xc3, 0x3c, 0x8a, 0xba, 0x18, 0x3e, 0x09, 0x94, 0x22, 0x3e,
  0xf9, 0xde, 0xb3, 0xbd, 0xbf, 0x36, 0xb8, 0xbd, 0xfd, 0x14, 0x0c, 0xbe,
  0xf6, 0x45, 0xd2, 0x3d, 0xcd, 0xdf, 0x39, 0xbe, 0x93, 0x9d, 0xd7, 0x3d,
  0x84, 0xef, 0x42, 0x3d, 0xf0, 0x79, 0xdc, 0x3c, 0x17, 0x58, 0x20, 0xbe,
  0xec, 0xb6, 0xd0, 0x3d, 0x7c, 0x00, 0x38, 0xbb, 0xb1, 0x88, 0x87, 0x3d,
  0x53, 0xa8, 0xfe, 0xbc, 0x12, 0xcf, 0xf6, 0x3c, 0xca, 0xa9, 0x8b, 0x3d,
  0x26, 0x14, 0x8b, 0xbd, 0xb9, 0x53, 0x1c, 0x3d, 0x69, 0x7f, 0xa6, 0xbd,
  0x82, 0x6f, 0x2e, 0xbe, 0x70, 0x14, 0x89, 0xbd, 0xf1, 0xea, 0x90, 0x3e,
  0x8e, 0x41, 0x37, 0x3e, 0xe5, 0xd0, 0x9c, 0xbd, 0x74, 0xea, 0x2e, 0xbe,
  0xe2, 0xef, 0x9c, 0x3c, 0xe0, 0xd3, 0x86, 0x3d, 0xcd, 0x5d, 0xba, 0xbd,
  0x8c, 0x3e, 0x0c, 0xbd, 0x6b, 0x34, 0x09, 0xbe, 0xf1, 0xa7, 0x3f, 0x3d,
  0xdc, 0x6a, 0x37, 0x3d, 0xed, 0x12, 0x96, 0xbe, 0x81, 0x75, 0xe4, 0xbc,
  0x27, 0x1e, 0x1f, 0xbe, 0x98, 0xbf, 0xc7, 0x3c, 0x3d, 0x64, 0x58, 0x3c,
  0x72, 0x74, 0xc7, 0xbd, 0xe8, 0x54, 0xab, 0x3d, 0x8e, 0xcc, 0x13, 0x3e,
  0xd4, 0x21, 0x87, 0xbd, 0xe8, 0x76, 0xc6, 0xbd, 0xd2, 0xd1, 0x8f, 0x3d,
  0x78, 0x1d, 0x0d, 0xbd, 0xd0, 0x10, 0x64, 0xbe, 0x5c, 0x48, 0x70, 0xbd,
  0x36, 0x40, 0x38, 0xbe, 0xa7, 0x04, 0x1c, 0xbe, 0x28, 0x7a, 0x19, 0x3e,
  0xa7, 0x7d, 0x1b, 0x3e, 0xd2, 0x37, 0xe5, 0xbd, 0xf9, 0xd3, 0x16, 0x3e,
  0x25, 0x66, 0x08, 0xbe, 0x22, 0xb7, 0x16, 0xbd, 0x7d, 0xe5, 0x94, 0x3d,
  0x37, 0x6a, 0x31, 0xbe, 0xad, 0xcf, 0x79, 0x3d, 0x96, 0xd7, 0x81, 0xbe,
  0x23, 0x1f, 0x67, 0xbe, 0xa5, 0x6b, 0xbf, 0xbc, 0x42, 0x43, 0xc4, 0x3c,
  0xb1, 0x46, 0x12, 0x3e, 0xea, 0x68, 0x5c, 0xbc, 0xb9, 0x16, 0xa4, 0x3d,
  0xd4, 0x29, 0xcd, 0xbd, 0x57, 0xbf, 0x12, 0xbc, 0x5c, 0xce, 0xcc, 0xbc,
  0xd1, 0x19, 0x05, 0x3e, 0x29, 0xff, 0xde, 0xbd, 0xf6, 0xea, 0x69, 0xbc,
  0xc5, 0x03, 0x65, 0xbe, 0x56, 0x0c, 0x79, 0xbd, 0x51, 0xee, 0x97, 0xbd,
  0x0e, 0xc9, 0xb9, 0x3d, 0xf0, 0xa2, 0x59, 0xbe, 0x20, 0x06, 0x75, 0x36,
  0xfe, 0x75, 0x35, 0x3d, 0x9a, 0x2a, 0x0b, 0xbe, 0x19, 0xb3, 0x13, 0xbe,
  0x11, 0x1c, 0x04, 0xbe, 0xfb, 0x71, 0x03, 0xbd, 0x8a, 0x95, 0x95, 0x3d,
  0xe0, 0xc2, 0x48, 0x3e, 0x9a, 0x5c, 0x06, 0x3e, 0xa3, 0x0c, 0x3f, 0xbe,
  0x9e, 0x6e, 0x7d, 0xbd, 0xca, 0xbf, 0xb3, 0xbd, 0x2d, 0xfc, 0x07, 0xbe,
  0xe3, 0x28, 0x97, 0x3c, 0x8c, 0xe3, 0xc5, 0xbd, 0x27, 0x52, 0x37, 0xbe,
  0x82, 0x97, 0x04, 0x3e, 0x23, 0x4f, 0x42, 0xbd, 0x86, 0x42, 0xa0, 0x3d,
  0x83, 0x47, 0xee, 0xbd, 0x25, 0xfb, 0x86, 0xbd, 0xfa, 0xaf, 0x1f, 0x3d,
  0x0a, 0xc9, 0x2b, 0xbe, 0xfd, 0x71, 0xb9, 0xbb, 0x6c, 0xc2, 0x3b, 0xbe,
  0xda, 0x9b, 0x07, 0xbe, 0xb1, 0x19, 0x19, 0xbe, 0x73, 0xef, 0x08, 0xbe,
  0x37, 0x5f, 0xdc, 0xbc, 0x5f, 0xd3, 0xe8, 0xbd, 0xf5, 0x61, 0xa4, 0xbd,
  0xc6, 0x70, 0x38, 0xbe, 0xb4, 0x92, 0x92, 0xbd, 0xc4, 0x02, 0x05, 0x3e,
  0xd6, 0xf7, 0x24, 0x3e, 0x32, 0xf0, 0x06, 0x3e, 0x4b, 0xcb, 0x35, 0x3d,
  0x27, 0x4d, 0x0f, 0x3c, 0x0c, 0x90, 0x62, 0x3d, 0x5f, 0x40, 0x0a, 0x3e,
  0x94, 0xaa, 0x61, 0xbd, 0xb0, 0xd2, 0x0c, 0xbe, 0x1a, 0x13, 0x95, 0xbe,
  0x9d, 0x99, 0x63, 0xbe, 0x28, 0x5c, 0xb6, 0x3d, 0x30, 0x76, 0x8e, 0x3d,
  0xda, 0x21, 0xff, 0xbd, 0xa0, 0x56, 0x43, 0xbe, 0xc2, 0x38, 0x57, 0xbe,
  0x39, 0x97, 0xbc, 0xbd, 0x9b, 0xa6, 0xd8, 0xbd, 0x2e, 0x68, 0x54, 0x3d,
  0xd9, 0xfd, 0x31, 0x3c, 0xde, 0xda, 0xa3, 0xbd, 0xfe, 0xf5, 0x3e, 0x3e,
  0xc7, 0xf7, 0x20, 0x3e, 0xcf, 0x3a, 0xec, 0xbd, 0x11, 0xa1, 0xad, 0xbd,
  0x09, 0x85, 0x32, 0xbe, 0xfb, 0xab, 0x41, 0xbc, 0xcb, 0xf9, 0x94, 0xbc,
  0xcb, 0xf7, 0x96, 0xbd, 0xb8, 0x92, 0xe2, 0x3c, 0xf4, 0x8f, 0x08, 0x3e,
  0x2c, 0x06, 0x10, 0xbe, 0x99, 0x0b, 0x1b, 0x3d, 0x9c, 0x8b, 0xf2, 0xbd,
  0xcf, 0xcb, 0xe9, 0x3c, 0x51, 0x6c, 0x48, 0xbe, 0x32, 0x79, 0xc1, 0xbd,
  0x02, 0x95, 0x0a, 0x3d, 0xab, 0x38, 0xde, 0x3d, 0x5e, 0x63, 0x1a, 0x3e,
  0xd4, 0x8b, 0x6f, 0xbe, 0x68, 0xac, 0xbc, 0xbd, 0x55, 0x16, 0x49, 0xbd,
  0x3c, 0x22, 0x31, 0xbe, 0x37, 0xb7, 0xf0, 0x3d, 0xca, 0x2a, 0x14, 0x3d,
  0x45, 0xda, 0x16, 0x3d, 0x93, 0xc1, 0x61, 0xbe, 0x73, 0xdc, 0xa7, 0x3d,
  0xff, 0xf6, 0x5d, 0x3d, 0x24, 0xe5, 0x03, 0x3e, 0xb6, 0x40, 0x26, 0xbe,
  0x1f, 0xee, 0x23, 0x3d, 0x0a, 0xe4, 0x0f, 0x3e, 0x85, 0x80, 0x44, 0xbe,
  0x13, 0x73, 0xaf, 0x3d, 0xdb, 0x76, 0xf1, 0x3d, 0x19, 0xf8, 0xec, 0x3c,
  0xc8, 0x51, 0xa7, 0x3d, 0x8a, 0x58, 0x73, 0x3d, 0x37, 0xf0, 0x7e, 0x3d,
  0xa3, 0x70, 0x91, 0xbd, 0xa0, 0x85, 0x92, 0xbd, 0x92, 0x79, 0x82, 0x3e,
  0xca, 0x71, 0x08, 0x3e, 0x48, 0xa5, 0x14, 0x3e, 0x0d, 0x46, 0x8c, 0xbd,
  0x60, 0x27, 0x32, 0xbe, 0x0f, 0xc1, 0xac, 0x3d, 0x26, 0xf5, 0xdf, 0x3d,
  0x17, 0xad, 0xa8, 0xbd, 0xda, 0x9d, 0x71, 0xbd, 0x33, 0xa0, 0x1d, 0x3e,
  0x69, 0xf3, 0x6f, 0xbe, 0xfc, 0xd5, 0xe1, 0xbd, 0xd0, 0x20, 0x14, 0xbd,
  0xc2, 0x54, 0xc6, 0x3c, 0x06, 0x16, 0x24, 0xbe, 0x84, 0x2d, 0x02, 0x3c,
  0x09, 0x53, 0xda, 0x3d, 0xb2, 0x0f, 0x97, 0x3d, 0x59, 0x40, 0x25, 0x3d,
  0xd1, 0xc5, 0x08, 0xbe, 0x96, 0x40, 0xbb, 0xbd, 0x47, 0x35, 0xd2, 0x3d,
  0x01, 0x66, 0x0e, 0x3e, 0x2a, 0xf0, 0xd0, 0x3d, 0xa1, 0xb6, 0x18, 0xbe,
  0x73, 0xda, 0x7c, 0x3e, 0xad, 0xcd, 0x5c, 0xbc, 0xb3, 0x54, 0x32, 0xbe,
  0x72, 0x6b, 0x12, 0x3e, 0xc2, 0xc0, 0x30, 0xbe, 0x91, 0x1e, 0x22, 0x3e,
  0x9d, 0xd8, 0x3e, 0x3e, 0x03, 0xb9, 0xd3, 0xbd, 0x71, 0x17, 0x50, 0xbe,
  0x8c, 0xc6, 0x45, 0x3e, 0x6a, 0x9c, 0x7e, 0x3e, 0xcc, 0x12, 0xe2, 0xbd,
  0xe2, 0xb8, 0x0c, 0xbe, 0x5e, 0xd1, 0xe3, 0xbd, 0x7e, 0x65, 0xdf, 0x3d,
  0x51, 0x6c, 0xe5, 0xbc, 0xb4, 0xfe, 0x43, 0xbe, 0x06, 0x4d, 0x3d, 0xbe,
  0x2d, 0xf7, 0xc2, 0xbc, 0xb9, 0x0b, 0x22, 0xbe, 0x33, 0x14, 0xed, 0x3d,
  0x76, 0xa7, 0xa8, 0x3d, 0x7a, 0xc8, 0xe2, 0xbd, 0x36, 0x33, 0x49, 0xbe,
  0xc4, 0x8c, 0x32, 0xbd, 0xd4, 0xc9, 0x07, 0xbe, 0x1d, 0x1c, 0x35, 0x3e,
  0x4a, 0xad, 0xa4, 0xbb, 0x75, 0xa8, 0x07, 0x3d, 0x68, 0x61, 0xf2, 0x3d,
  0x2b, 0x24, 0xef, 0x3d, 0xfb, 0x34, 0xb6, 0xbd, 0xe1, 0xbf, 0x01, 0x3e,
  0x2e, 0x23, 0x84, 0xbe, 0x68, 0x77, 0x8b, 0x3c, 0xff, 0x96, 0x35, 0xbe,
  0x9b, 0x2e, 0x78, 0x3d, 0xba, 0x75, 0x11, 0xbe, 0x36, 0xb8, 0xf6, 0x3c,
  0x77, 0xaf, 0xa2, 0xbd, 0x1f, 0xec, 0x6b, 0x3c, 0x1b, 0x5e, 0x51, 0x3e,
  0xe7, 0x6e, 0xb4, 0x3d, 0x8b, 0xcd, 0xd5, 0x3d, 0xbe, 0x0e, 0x18, 0xbe,
  0xce, 0x4d, 0x70, 0xbe, 0x00, 0x80, 0x1c, 0xb3, 0xce, 0xe0, 0xbb, 0x3d,
  0xe0, 0x6e, 0xd5, 0x3d, 0xfb, 0xe8, 0xc0, 0xbe, 0xdd, 0x38, 0xed, 0x3d,
  0xf8, 0x98, 0xe4, 0xbd, 0x5c, 0xca, 0x5b, 0x3d, 0xb9, 0x4e, 0x94, 0xbd,
  0x57, 0x2c, 0xaf, 0xbc, 0x4a, 0x6e, 0xde, 0xbd, 0xf6, 0x57, 0x24, 0x3e,
  0xed, 0xc5, 0x46, 0xbd, 0xb8, 0x0c, 0x00, 0xbe, 0xf4, 0x45, 0x3a, 0xbe,
  0x3c, 0x8e, 0xbd, 0xbc, 0xcd, 0xa5, 0xc2, 0x3d, 0x1f, 0xab, 0x49, 0x3d,
  0xef, 0xcd, 0x82, 0x3d, 0x80, 0x19, 0x87, 0x3e, 0x71, 0xa7, 0x63, 0xbd,
  0x30, 0x43, 0x6d, 0xbd, 0xd5, 0x6e, 0xe8, 0xbd, 0x5f, 0x84, 0xe4, 0xbd,
  0x2b, 0x29, 0x0c, 0xbe, 0x10, 0x5a, 0x44, 0x3e, 0x48, 0x6f, 0x49, 0x3d,
  0xa8, 0x01, 0xa0, 0x3c, 0xf7, 0xbb, 0x09, 0x3e, 0x6e, 0x6e, 0xb3, 0x3d,
  0x82, 0x89, 0xd0, 0x3d, 0xc9, 0x94, 0xc0, 0xbc, 0x58, 0x8d, 0xdd, 0xbd,
  0x82, 0x55, 0x1f, 0xbe, 0xe2, 0x3f, 0x1a, 0x3e, 0x22, 0x55, 0x90, 0xbc,
  0xe9, 0x9a, 0x34, 0xbd, 0x07, 0xc0, 0x3d, 0x3e, 0x0b, 0x03, 0xaf, 0x3d,
  0x61, 0x43, 0x62, 0xbe, 0x84, 0x14, 0x71, 0x3d, 0xab, 0x62, 0xd5, 0xbd,
  0xd4, 0x52, 0x0b, 0xbe, 0x11, 0x14, 0x03, 0xbd, 0x16, 0x15, 0x13, 0xbe,
  0xc5, 0xe5, 0xac, 0xbd, 0xe7, 0xab, 0xa4, 0xbd, 0xc9, 0x3e, 0x01, 0x3e,
  0xe1, 0x9f, 0x13, 0xbd, 0xf4, 0xf9, 0xe7, 0xbd, 0xb5, 0xaa, 0x7e, 0xbe,
  0x7f, 0x1f, 0xb4, 0xbd, 0x7e, 0xbb, 0x1a, 0x3e, 0xc6, 0x6d, 0xa7, 0xba,
  0xdb, 0x92, 0x42, 0xbd, 0x0e, 0xa2, 0xf1, 0xbc, 0xb9, 0x24, 0x38, 0xbd,
  0x9e, 0x63, 0xb3, 0x3d, 0x76, 0xa6, 0xeb, 0x3d, 0xa7, 0xcd, 0x14, 0x3e,
  0xdf, 0x3e, 0xb3, 0xbd, 0xfa, 0x81, 0x17, 0x3d, 0x0c, 0x05, 0xa9, 0xbd,
  0xdb, 0xb6, 0x1f, 0x3e, 0x42, 0xe8, 0x80, 0xbd, 0x4b, 0x7e, 0x5b, 0x3d,
  0x9f, 0xfe, 0xac, 0x3c, 0x54, 0xa0, 0xe9, 0x3d, 0x53, 0xa0, 0x80, 0xbd,
  0xb9, 0xb7, 0xcb, 0xbd, 0x4e, 0xa2, 0x68, 0xbe, 0x56, 0x94, 0x90, 0xbd,
  0x53, 0x06, 0xaa, 0xbc, 0xf1, 0x3b, 0x60, 0x3e, 0x67, 0xe5, 0x02, 0x3e,
  0x96, 0xc1, 0xf6, 0xbc, 0xa5, 0x69, 0x20, 0xbe, 0x48, 0xed, 0x90, 0xbd,
  0x8b, 0x01, 0x10, 0xbe, 0x98, 0x52, 0xb8, 0xbd, 0x2f, 0xe4, 0x0d, 0x3e,
  0xcd, 0xf8, 0xf7, 0xbd, 0x42, 0x3d, 0x99, 0xbd, 0x44, 0x50, 0x94, 0x3d,
  0x1e, 0x1c, 0x6b, 0xbc, 0x37, 0x42, 0x0c, 0xbe, 0x9d, 0x4e, 0xa5, 0xbd,
  0x34, 0x13, 0x03, 0x3d, 0x5c, 0x9d, 0x35, 0x3d, 0xe8, 0x0d, 0x04, 0x3e,
  0x9b, 0xd6, 0xbe, 0x3d, 0xa9, 0x8f, 0x95, 0xbd, 0x3a, 0xea, 0x77, 0xbd,
  0xe1, 0x19, 0xa7, 0x3d, 0x29, 0xdd, 0xc2, 0xbc, 0x01, 0x7d, 0x15, 0x3e,
  0xbf, 0x90, 0x59, 0xbd, 0x73, 0x22, 0x21, 0xbe, 0xc3, 0xb2, 0x9b, 0x3d,
  0xdb, 0xb6, 0x18, 0x3d, 0xa2, 0x8a, 0x2b, 0xbe, 0xcf, 0x0e, 0x75, 0x3e,
  0x83, 0x13, 0x66, 0x3d, 0x19, 0xa0, 0x9c, 0xbd, 0x2d, 0x33, 0xc1, 0xbd,
  0xb8, 0x27, 0x2c, 0xbd, 0xab, 0xeb, 0x0d, 0xbe, 0xbd, 0x96, 0x3e, 0xbe,
  0xae, 0x43, 0x52, 0xbe, 0x5c, 0xb2, 0x1d, 0x3e, 0x1c, 0xa9, 0x37, 0x3d,
  0xe9, 0x26, 0x51, 0xbd, 0x9a, 0xe4, 0xc3, 0xbd, 0x6a, 0x3e, 0x23, 0xbe,
  0x75, 0x22, 0x18, 0x3d, 0x1a, 0x6c, 0x84, 0x3e, 0xcf, 0x56, 0xad, 0xbb,
  0x5e, 0x73, 0x6b, 0x3e, 0xc9, 0xe4, 0x07, 0x3e, 0x0f, 0xfd, 0x22, 0xbe,
  0x6f, 0xc6, 0xfd, 0x3d, 0x9a, 0x54, 0x0a, 0x3d, 0x88, 0x0e, 0xa5, 0x3c,
  0x0f, 0xb9, 0x71, 0xbe, 0x11, 0x42, 0x44, 0xbe, 0xa5, 0x9d, 0x0d, 0xbe,
  0xcc, 0x3f, 0x9e, 0xbd, 0x39, 0x7c, 0x41, 0xbd, 0x9b, 0xab, 0x23, 0x3e,
  0xdb, 0x0d, 0x21, 0xbe, 0xbb, 0xb7, 0x4a, 0x3d, 0x67, 0xdc, 0x0c, 0x3e,
  0x4d, 0xfa, 0x0d, 0xbe, 0x4f, 0x2e, 0x70, 0x3e, 0x06, 0x42, 0x1a, 0xbe,
  0xe2, 0x5a, 0x92, 0xbd, 0x78, 0xdf, 0x01, 0x3e, 0x6b, 0x47, 0x3d, 0x3e,
  0xa1, 0x1c, 0xe7, 0xbd, 0x7a, 0x84, 0x22, 0xbe, 0x5b, 0xb9, 0x4b, 0xbe,
  0x52, 0x69, 0xcf, 0xbc, 0x52, 0x94, 0x65, 0x3b, 0xd3, 0xc9, 0x08, 0xbd,
  0x85, 0xf8, 0x22, 0xbd, 0x27, 0x2e, 0xb2, 0xbc, 0x30, 0xc3, 0xdd, 0xbc,
  0xbd, 0x0a, 0xf0, 0xbc, 0xb7, 0x20, 0x99, 0x3d, 0xd0, 0x2d, 0x1b, 0x3e,
  0x08, 0x85, 0xf0, 0xbd, 0x6c, 0xcb, 0xf1, 0x3d, 0x65, 0xb2, 0xa2, 0xbd,
  0x22, 0xec, 0x6f, 0x3d, 0xca, 0xf0, 0x6d, 0xbd, 0xb2, 0xd2, 0xd1, 0x3d,
  0x72, 0x6e, 0xeb, 0x3d, 0x9f, 0xde, 0x84, 0x3c, 0x37, 0xf6, 0xbb, 0xbd,
  0x41, 0xd7, 0x00, 0x3d, 0x31, 0x76, 0x3e, 0xbe, 0x2c, 0x71, 0x08, 0xbe,
  0x8c, 0x7c, 0xe4, 0xbd, 0x07, 0xde, 0x34, 0xbe, 0xe4, 0xdb, 0x51, 0xbe,
  0x71, 0xdf, 0xd9, 0xbd, 0x39, 0xa3, 0xb8, 0xbd, 0xa0, 0xda, 0xc6, 0x3a,
  0x85, 0x3c, 0x17, 0xbe, 0xcf, 0x41, 0xff, 0x3c, 0x79, 0xa6, 0x92, 0xbd,
  0x05, 0x62, 0x42, 0xbd, 0xa3, 0x72, 0x81, 0x3d, 0x25, 0xd2, 0x94, 0xbd,
  0xd7, 0x84, 0xf2, 0xbd, 0x8e, 0x11, 0x5f, 0x3e, 0x11, 0xac, 0x00, 0xbe,
  0xe9, 0x1e, 0xda, 0x3c, 0xad, 0x9b, 0x96, 0xbd, 0x27, 0x67, 0x0a, 0xbe,
  0x28, 0x6b, 0xb9, 0x3b, 0xb5, 0xbe, 0x13, 0xbd, 0x86, 0x63, 0xf3, 0x3d,
  0xec, 0x02, 0x46, 0x3d, 0xd3, 0x54, 0x75, 0x3d, 0x79, 0xfb, 0x80, 0xbe,
  0x93, 0x98, 0xec, 0xbd, 0x44, 0xab, 0x01, 0xbc, 0x4e, 0xa0, 0x44, 0x3c,
  0xb4, 0x52, 0x31, 0x3e, 0x6e, 0xae, 0x22, 0xbe, 0x22, 0x43, 0xd8, 0xbc,
  0x8a, 0xff, 0x3c, 0xbe, 0x64, 0x9e, 0xad, 0x3d, 0x19, 0x64, 0x15, 0x3e,
  0x05, 0x75, 0x17, 0x3d, 0xe1, 0x16, 0x19, 0xbe, 0x1c, 0x09, 0xc4, 0x3d,
  0xbc, 0x22, 0xc9, 0x3d, 0x4b, 0xee, 0xa6, 0xbd, 0x30, 0x0d, 0x61, 0x3b,
  0x4e, 0xc6, 0x74, 0x3d, 0x7c, 0x5b, 0x06, 0xbe, 0x42, 0x17, 0x6e, 0xbc,
  0x55, 0xd9, 0x7a, 0x3e, 0xda, 0x88, 0x1c, 0x3d, 0x95, 0x7c, 0x39, 0x3e,
  0x22, 0x3e, 0xe3, 0xbd, 0x27, 0x76, 0xe9, 0xbd, 0xa5, 0x6b, 0x16, 0x3d,
  0xed, 0x95, 0x80, 0xbd, 0x6a, 0x63, 0xa3, 0xbd, 0x0d, 0xca, 0x34, 0xbd,
  0x8b, 0x9f, 0x65, 0x3e, 0xe8, 0x10, 0x2b, 0xbd, 0x6f, 0xf0, 0x4d, 0x3d,
  0x24, 0x7f, 0x2f, 0xbd, 0xa8, 0xa7, 0xa4, 0x3b, 0xf0, 0xde, 0x6f, 0xbe,
  0x1e, 0xe5, 0x04, 0x3e, 0x0d, 0xdd, 0xed, 0x3d, 0x5f, 0x36, 0x2b, 0xbe,
  0xd0, 0x74, 0x1e, 0x3d, 0x37, 0xdb, 0x40, 0xbd, 0xd8, 0x54, 0xc4, 0x3d,
  0xeb, 0xe0, 0x74, 0xbe, 0x0f, 0x6f, 0x3e, 0x3d, 0x08, 0x62, 0xbe, 0xbd,
  0x27, 0xfe, 0x26, 0xbe, 0x26, 0xc2, 0xfd, 0xbd, 0xf1, 0xbd, 0xe6, 0xbd,
  0xa7, 0xe5, 0x02, 0x3d, 0xdd, 0xd9, 0x84, 0xbe, 0x8c, 0x0c, 0xc7, 0x3d,
  0x28, 0xbe, 0xcb, 0x3c, 0x63, 0x42, 0x2e, 0xbe, 0xcb, 0x06, 0xdd, 0xbc,
  0x58, 0xa3, 0x01, 0xbc, 0x76, 0xf7, 0xf5, 0xbd, 0xb9, 0x36, 0xae, 0x3d,
  0x40, 0x16, 0x01, 0x3e, 0xc0, 0xdc, 0x62, 0xbd, 0x42, 0xbe, 0x27, 0x3e,
  0x8f, 0xb4, 0xe3, 0x3d, 0x6b, 0x55, 0x88, 0xbd, 0x41, 0xda, 0x06, 0xbe,
  0xdc, 0x33, 0xb3, 0xbd, 0xf7, 0xba, 0xcf, 0xbc, 0xd0, 0x70, 0xf8, 0xbd,
  0x81, 0xea, 0x8e, 0xbd, 0xfc, 0x9b, 0x90, 0xbd, 0x1f, 0x4c, 0x93, 0x3d,
  0x59, 0x7e, 0xd0, 0x3c, 0x30, 0x7a, 0x1f, 0xbd, 0x1c, 0x3a, 0x41, 0x3e,
  0x6d, 0xa4, 0x49, 0x39, 0x8f, 0xf7, 0xd0, 0xbd, 0x5c, 0xb0, 0xc7, 0x3c,
  0xb8, 0x9d, 0xb9, 0x3d, 0xab, 0x40, 0x4a, 0xbd, 0xc4, 0xdc, 0x09, 0xbe,
  0x6f, 0x96, 0x5a, 0xbb, 0xeb, 0x39, 0xae, 0x3c, 0x2a, 0x4b, 0x06, 0x3e,
  0x9b, 0x47, 0x8e, 0xbe, 0x8f, 0xaa, 0x26, 0x3e, 0x36, 0xbb, 0x73, 0x3a,
  0xbb, 0x94, 0x41, 0xbe, 0xbc, 0xf0, 0x63, 0xbd, 0x46, 0xf3, 0x37, 0x3e,
  0xcf, 0x41, 0x13, 0x3e, 0x9f, 0x89, 0xd1, 0x3d, 0x12, 0x8f, 0xa7, 0xbd,
  0xcb, 0xc4, 0xae, 0x3c, 0xe4, 0x4d, 0x17, 0x3e, 0x64, 0x65, 0x62, 0xbd,
  0x0d, 0x48, 0x8f, 0x3c, 0xcb, 0xfb, 0x92, 0xbd, 0xa8, 0xa0, 0x9e, 0xbd,
  0x15, 0x9a, 0x31, 0x3e, 0x00, 0x7c, 0x85, 0xbd, 0x7e, 0xd7, 0x58, 0xbe,
  0xda, 0x5d, 0x12, 0xbe, 0x86, 0xdd, 0xfc, 0xbd, 0xa0, 0xc1, 0xb9, 0xbd,
  0x19, 0x86, 0xa5, 0xbd, 0x67, 0xda, 0x3a, 0xbe, 0xf5, 0xfb, 0x73, 0x3d,
  0x2a, 0xca, 0xfb, 0x3c, 0xc2, 0xfd, 0x22, 0xbe, 0x6e, 0x4e, 0x5a, 0x3e,
  0xf9, 0xe8, 0x9f, 0xbd, 0xb0, 0x84, 0x2b, 0x3d, 0xf6, 0xea, 0xbf, 0xbb,
  0xca, 0x95, 0x74, 0x3d, 0xa7, 0x75, 0xf4, 0xbd, 0x83, 0x68, 0x97, 0xbc,
  0x84, 0x98, 0x35, 0xbd, 0x77, 0xd7, 0x11, 0xbe, 0xb4, 0x92, 0x71, 0xbd,
  0xa1, 0xc0, 0x93, 0x3c, 0x86, 0x0e, 0xc7, 0x3d, 0x7c, 0xdb, 0x08, 0x3e,
  0x75, 0x28, 0x00, 0xbe, 0x42, 0x6d, 0x99, 0x3c, 0x1f, 0x50, 0x39, 0xbe,
  0x69, 0xb2, 0x99, 0x3d, 0x73, 0x32, 0x77, 0xbc, 0x80, 0xe2, 0x48, 0x3e,
  0xa5, 0xdb, 0x09, 0xbd, 0x5d, 0xf8, 0xd3, 0xbd, 0xdd, 0x82, 0x8c, 0x3a,
  0x5c, 0xbc, 0x2d, 0x3e, 0x4a, 0x3f, 0x58, 0x3e, 0xbc, 0x8a, 0xb2, 0xbb,
  0xd0, 0x16, 0x21, 0x3e, 0xc7, 0xd5, 0x31, 0x3d, 0xe6, 0x00, 0x96, 0x3d,
  0xef, 0xca, 0x8a, 0xbd, 0xa1, 0x85, 0xde, 0x3d, 0xbc, 0x0b, 0x03, 0x3e,
  0x87, 0xc2, 0x96, 0xbd, 0x10, 0x4f, 0xae, 0x3c, 0x71, 0x29, 0x01, 0x3e,
  0x9c, 0x41, 0x8e, 0xbd, 0xdc, 0xa6, 0x68, 0xbe, 0x2f, 0xe6, 0x97, 0x3c,
  0x6c, 0xb3, 0xbe, 0x3d, 0x11, 0x71, 0x1d, 0x3d, 0xbd, 0x50, 0x1c, 0xbe,
  0x91, 0x0f, 0x90, 0x3d, 0x69, 0x55, 0xde, 0x3c, 0x1c, 0x1d, 0xd7, 0x3d,
  0x05, 0xde, 0xb9, 0x3b, 0xd0, 0x99, 0x89, 0xbe, 0x92, 0xf5, 0xdc, 0xbd,
  0xa6, 0x7e, 0x26, 0x3e, 0xca, 0xdc, 0xf8, 0x3d, 0x03, 0x76, 0xf0, 0xbd,
  0x0f, 0xaf, 0x36, 0x3d, 0xfd, 0x48, 0x3d, 0xbe, 0xa9, 0xeb, 0xf6, 0xbd,
  0xa6, 0x87, 0x76, 0xbd, 0xff, 0x26, 0xd9, 0x3d, 0x1f, 0xa1, 0x76, 0x3d,
  0xd1, 0x93, 0x0f, 0x3e, 0xb8, 0xae, 0x7b, 0x3d, 0xe8, 0x9c, 0x93, 0xbe,
  0xad, 0x08, 0x6f, 0xbc, 0xca, 0x03, 0x35, 0xbe, 0x7e, 0xff, 0xd8, 0xbd,
  0xd3, 0xdb, 0x97, 0x3d, 0x34, 0x12, 0xa8, 0x3a, 0xc9, 0x23, 0x95, 0xbc,
  0x34, 0x5b, 0xc5, 0x3d, 0xe2, 0x70, 0xc1, 0x3c, 0x2b, 0x9e, 0x1e, 0xbd,
  0x89, 0xd3, 0x57, 0x3d, 0xe5, 0xa2, 0x08, 0x3e, 0x51, 0x4c, 0x3b, 0xbe,
  0x79, 0x8c, 0x9c, 0x3d, 0xbc, 0x68, 0x40, 0xbe, 0xb8, 0x7c, 0xb0, 0xbc,
  0xf7, 0x25, 0xa5, 0xbd, 0x87, 0x36, 0x3d, 0x3c, 0x13, 0x38, 0x3b, 0xbe,
  0xd5, 0x3f, 0x2f, 0xbe, 0xf8, 0xe0, 0xb1, 0x3c, 0x8b, 0xde, 0x94, 0x3d,
  0x20, 0xaf, 0x0c, 0x3e, 0xcf, 0x3f, 0x1c, 0x3e, 0xa5, 0x50, 0xbc, 0x3d,
  0xe7, 0x14, 0xd8, 0xbd, 0xd6, 0xa4, 0x31, 0xbe, 0x43, 0xac, 0xc3, 0x3c,
  0x20, 0x65, 0xcc, 0xbd, 0x19, 0x08, 0xbc, 0x3c, 0x11, 0xa0, 0x19, 0xbe,
  0x17, 0xb5, 0xda, 0x3c, 0x3b, 0xc6, 0x76, 0x3c, 0x58, 0xbf, 0x70, 0xbe,
  0xaf, 0xfe, 0xcb, 0x3d, 0xc7, 0x5d, 0x5a, 0xbc, 0xc3, 0x00, 0xbb, 0xbc,
  0x85, 0x53, 0x54, 0xbe, 0x90, 0xac, 0xbb, 0xbd, 0x52, 0xb3, 0xff, 0xbc,
  0xce, 0xa5, 0x83, 0x3d, 0x8a, 0x1b, 0xf6, 0x3d, 0x90, 0x8d, 0x6f, 0xbe,
  0x99, 0x05, 0x04, 0xbe, 0xc5, 0x89, 0x9c, 0xbd, 0xae, 0x57, 0x38, 0x3d,
  0x2e, 0x57, 0xf6, 0x3d, 0x24, 0x99, 0xd6, 0x3b, 0x33, 0x52, 0x61, 0x3e,
  0x86, 0xae, 0x49, 0x3e, 0xa0, 0xb0, 0x10, 0x3e, 0x4b, 0xde, 0xcf, 0x3d,
  0xb2, 0x0f, 0xf5, 0xbd, 0x4b, 0x9d, 0x16, 0x3e, 0x79, 0xdb, 0xd7, 0x3c,
  0xa5, 0x3d, 0x55, 0x3e, 0x9e, 0x3f, 0x41, 0xbe, 0x8d, 0xda, 0xac, 0x3d,
  0x5d, 0x39, 0x8e, 0x3d, 0xab, 0x30, 0xb3, 0x3d, 0xe3, 0x83, 0xad, 0xbd,
  0x88, 0x0e, 0xdc, 0xbd, 0x13, 0xd4, 0x45, 0xbe, 0x3f, 0x47, 0x82, 0x3d,
  0x26, 0x19, 0x72, 0x3e, 0x97, 0xbc, 0xeb, 0xbd, 0x43, 0x6d, 0x53, 0xbe,
  0xf4, 0x9a, 0x2e, 0xbe, 0xad, 0x08, 0x22, 0x3e, 0xfa, 0xeb, 0x5c, 0xbd,
  0xc4, 0x7a, 0xb8, 0x3d, 0xd9, 0xf3, 0x34, 0x3e, 0x15, 0xb1, 0x5b, 0x3d,
  0x1a, 0x1b, 0x27, 0x3d, 0xd0, 0x3c, 0xdb, 0xbd, 0xdf, 0x72, 0xb7, 0x3c,
  0x65, 0x84, 0x92, 0x3c, 0x31, 0xda, 0x82, 0x3d, 0xe8, 0xbb, 0xb9, 0xbc,
  0xd7, 0xf5, 0xd1, 0x3d, 0x01, 0xbe, 0x93, 0x3e, 0xe5, 0x6e, 0x10, 0xbe,
  0xa5, 0x0e, 0xe2, 0x3d, 0x6d, 0xa7, 0x53, 0xbc, 0x0f, 0xe4, 0xcd, 0x3d,
  0x85, 0xc2, 0x3b, 0xbe, 0x03, 0xfa, 0x55, 0x3e, 0xfd, 0x1d, 0xea, 0xbc,
  0x5a, 0xa7, 0x17, 0xbc, 0x7e, 0xe6, 0x4a, 0xbe, 0x1d, 0x9e, 0x12, 0x3d,
  0xdb, 0x7b, 0x75, 0xbd, 0x32, 0xab, 0xc0, 0x3d, 0x30, 0xf6, 0x0f, 0x3e,
  0xcd, 0x32, 0x08, 0x3e, 0x22, 0xa7, 0x0e, 0xbd, 0x46, 0xe6, 0xda, 0x3d,
  0x93, 0x00, 0xfc, 0x3d, 0x24, 0xc0, 0xfa, 0xbb, 0x90, 0x63, 0x3c, 0x3d,
  0x7f, 0x55, 0xf6, 0x3d, 0x47, 0x5e, 0x1c, 0x3e, 0x7e, 0x87, 0xc0, 0x3d,
  0x6b, 0x13, 0x0c, 0x3e, 0xad, 0xb9, 0x4b, 0xbe, 0x29, 0x2a, 0x6b, 0x3b,
  0xcf, 0xc1, 0x14, 0x3d, 0x93, 0x28, 0xbf, 0xbc, 0xef, 0x63, 0x6f, 0x3d,
  0x51, 0xc0, 0x19, 0xbe, 0x04, 0x62, 0xe9, 0xbd, 0x58, 0x02, 0xa7, 0xbd,
  0xb8, 0xfb, 0x55, 0x3d, 0x61, 0x1f, 0x28, 0xbe, 0xd9, 0x07, 0x50, 0xbe,
  0x01, 0xdf, 0xa2, 0x3c, 0x8f, 0x28, 0x30, 0xbe, 0x51, 0x33, 0x8e, 0x3d,
  0x57, 0xde, 0x1c, 0xbe, 0x47, 0xe1, 0x5f, 0x3e, 0xdb, 0xb6, 0x6c, 0x3e,
  0xa8, 0xe0, 0x03, 0xbe, 0x1b, 0xc5, 0x79, 0xbd, 0x48, 0x9e, 0x1e, 0xbe,
  0xdf, 0x00, 0x1e, 0x3b, 0x5b, 0xb6, 0x4e, 0xbe, 0x2c, 0x8e, 0xc8, 0x3d,
  0x4c, 0x13, 0x60, 0x3c, 0x98, 0x1e, 0x26, 0xbd, 0x53, 0x2b, 0x4a, 0x3e,
  0x97, 0xca, 0x23, 0x3e, 0xcf, 0x7e, 0x04, 0x3d, 0x96, 0xbf, 0x1f, 0xbe,
  0xce, 0xe4, 0x39, 0xbe, 0x0f, 0xa5, 0x2d, 0xbe, 0x1a, 0x05, 0x68, 0x3e,
  0xf6, 0x7d, 0xdc, 0xbd, 0x4d, 0x25, 0xf8, 0x3d, 0x0c, 0x1f, 0x03, 0xbb,
  0x04, 0xcf, 0x1a, 0x3e, 0x00, 0x7c, 0xf2, 0x3d, 0x71, 0xb6, 0x8e, 0xbd,
  0x17, 0xee, 0x82, 0xbc, 0x7c, 0x82, 0xf2, 0xbc, 0xb5, 0xda, 0xad, 0x3d,
  0x9c, 0x2c, 0x9d, 0xbd, 0x8e, 0x18, 0xe1, 0x3d, 0xfc, 0x87, 0x4a, 0x3d,
  0x26, 0xbc, 0x06, 0xbe, 0xd9, 0x22, 0x94, 0x3d, 0xfa, 0xa0, 0xb9, 0x3d,
  0xd7, 0xf4, 0xa0, 0x3d, 0x56, 0x26, 0xee, 0xbd, 0x2a, 0x22, 0x87, 0x3e,
  0x7a, 0x19, 0xc9, 0x3d, 0x6d, 0x82, 0xa2, 0xbd, 0x82, 0xaf, 0x20, 0x3e,
  0x78, 0x2a, 0x0d, 0xbe, 0xc5, 0x0a, 0x4c, 0xbe, 0x3a, 0x04, 0x64, 0x3b,
  0x18, 0x78, 0xf1, 0xbd, 0x91, 0x19, 0x76, 0x3e, 0xfd, 0x1b, 0x8c, 0xbd,
  0x3c, 0xaa, 0xd7, 0x3d, 0x09, 0x16, 0x2b, 0x3e, 0x18, 0x31, 0x2a, 0x3e,
  0x60, 0x92, 0x6c, 0xbd, 0x02, 0xb9, 0x6d, 0x3e, 0xf9, 0x54, 0x8a, 0x3c,
  0x25, 0x62, 0xa8, 0xbd, 0x17, 0x8a, 0xfc, 0x3d, 0x4a, 0xa7, 0x46, 0xbe,
  0x74, 0xb7, 0xf2, 0xbd, 0x78, 0xa3, 0x9c, 0xbd, 0x27, 0xca, 0xee, 0xbd,
  0x8f, 0xf6, 0x02, 0x3e, 0x8c, 0x4d, 0x97, 0xbd, 0xfb, 0xe8, 0x5d, 0x3e,
  0x2f, 0x6a, 0xcf, 0xbd, 0xc1, 0x19, 0x21, 0x3e, 0x50, 0xc3, 0xe7, 0x3d,
  0xa5, 0x23, 0x09, 0x3d, 0x40, 0x40, 0x8a, 0x3d, 0x32, 0x9f, 0x05, 0xbc,
  0x1f, 0xd8, 0x34, 0xbe, 0x89, 0x7b, 0x5b, 0x3e, 0x75, 0xb9, 0xb4, 0xbd,
  0xa5, 0x05, 0x05, 0xbe, 0x06, 0xb4, 0xe5, 0x3c, 0x15, 0xbf, 0xe9, 0x3d,
  0x01, 0x81, 0x99, 0xbd, 0x5a, 0x24, 0x61, 0x3d, 0x7e, 0xa3, 0x02, 0x3c,
  0x28, 0x8e, 0x56, 0xbd, 0x5d, 0x12, 0xb1, 0xbd, 0x78, 0x9f, 0x01, 0xbd,
  0xb6, 0xb1, 0x17, 0x3d, 0x75, 0x1f, 0xbd, 0xbd, 0x11, 0x0c, 0x2f, 0xbe,
  0x2e, 0x44, 0x29, 0xbd, 0x60, 0x7f, 0x14, 0x3d, 0xa1, 0xe0, 0x43, 0x3c,
  0x67, 0xea, 0x42, 0xbe, 0x89, 0xeb, 0xb8, 0xbd, 0xfd, 0x09, 0x53, 0x3c,
  0xda, 0xc5, 0x2a, 0xbe, 0x5f, 0x56, 0x96, 0xbe, 0x99, 0x25, 0x35, 0x3e,
  0x4f, 0xa1, 0x8a, 0xbc, 0xc5, 0xa3, 0x12, 0x3c, 0x7a, 0xd2, 0x41, 0xbe,
  0x2a, 0xea, 0x6f, 0x3d, 0xb6, 0x58, 0x0a, 0x3c, 0xeb, 0xe0, 0x06, 0x3e,
  0x46, 0xb1, 0xdf, 0xbd, 0xd0, 0x0c, 0x08, 0xbe, 0x98, 0xde, 0xc5, 0x3c,
  0x4b, 0xc6, 0x98, 0xbc, 0xe4, 0x9d, 0x06, 0xbe, 0xaa, 0xbd, 0x09, 0x3d,
  0xc2, 0x38, 0x9c, 0xbc, 0xb5, 0xf4, 0xf8, 0x3d, 0x3f, 0x98, 0x3b, 0xbe,
  0x98, 0x3b, 0x49, 0xbe, 0x13, 0xbb, 0x5d, 0x3b, 0xb4, 0x6d, 0xb8, 0x3d,
  0xb7, 0x83, 0x89, 0xbe, 0xf6, 0x75, 0xd2, 0x3d, 0xe0, 0xd6, 0x31, 0x3e,
  0x0d, 0x6f, 0xb6, 0x3d, 0x01, 0x65, 0xe1, 0xbd, 0x9c, 0xf3, 0x23, 0xbe,
  0x16, 0x4c, 0x80, 0xbe, 0x80, 0xcf, 0x12, 0xbe, 0xad, 0x34, 0x83, 0x3d,
  0xb1, 0x5f, 0xb7, 0x3d, 0xda, 0x5c, 0xba, 0x3d, 0xa9, 0x55, 0x67, 0x3d,
  0xeb, 0xf5, 0x86, 0xbe, 0xe7, 0xce, 0x8f, 0x3d, 0x2d, 0x9a, 0xb1, 0x3b,
  0x2a, 0x56, 0x95, 0x3d, 0x8f, 0xf9, 0x21, 0xbe, 0xa1, 0xde, 0xce, 0x3b,
  0x9b, 0x72, 0xbf, 0x3d, 0x7a, 0xe6, 0xe6, 0x3d, 0x7b, 0xe3, 0x12, 0x3e,
  0x94, 0x2a, 0x1d, 0xbe, 0xf4, 0x31, 0x18, 0x3e, 0x97, 0xb7, 0x97, 0x3d,
  0x75, 0x15, 0xeb, 0x3d, 0xd2, 0x41, 0xc4, 0xbd, 0x52, 0xe6, 0x3e, 0x3e,
  0x62, 0xef, 0xfa, 0x3d, 0x79, 0xc6, 0x99, 0xbd, 0x9d, 0xe0, 0x2c, 0x3d,
  0x14, 0x30, 0x8b, 0x3c, 0xf5, 0xa1, 0xd0, 0xba, 0xc8, 0x04, 0x98, 0xbd,
  0xc5, 0xc8, 0x16, 0x3d, 0x59, 0xb5, 0xaa, 0xbd, 0x8a, 0xa8, 0xc3, 0x3d,
  0xbe, 0xc5, 0x8e, 0xbd, 0x7f, 0x29, 0x99, 0xbd, 0x85, 0xf4, 0x51, 0xbd,
  0x86, 0xbd, 0xf5, 0x39, 0xbb, 0xd1, 0xa1, 0x3e, 0xe9, 0xa4, 0x55, 0xbd,
  0xc3, 0xa5, 0x3a, 0x3e, 0x9a, 0xb8, 0x0e, 0xbe, 0xd1, 0x41, 0x5b, 0x3e,
  0x90, 0x3e, 0x0b, 0x3e, 0xe5, 0xc2, 0x28, 0x3e, 0x2a, 0x9f, 0x0a, 0xbe,
  0x6a, 0x9d, 0xdf, 0xbd, 0xce, 0xe1, 0x07, 0xbe, 0x96, 0x44, 0xd6, 0x3d,
  0xa1, 0xf6, 0xca, 0xbd, 0x81, 0x54, 0x19, 0xbc, 0xde, 0x95, 0x56, 0xbe,
  0xb7, 0xd0, 0x15, 0x3e, 0x39, 0x5c, 0xf1, 0x3d, 0xcb, 0x22, 0x92, 0x3d,
  0xed, 0x8d, 0x1a, 0x3c, 0x3f, 0x45, 0x22, 0x3e, 0x9c, 0x21, 0x1d, 0xbd,
  0x1d, 0x8d, 0xfb, 0x3d, 0xf2, 0x1a, 0x12, 0xbe, 0x06, 0x2f, 0xcf, 0x3c,
  0xf0, 0x0b, 0x0f, 0xbe, 0xcf, 0x3c, 0x12, 0x3e, 0xaa, 0x49, 0x11, 0xbe,
  0x56, 0x8d, 0x19, 0xbd, 0xde, 0x4d, 0xd3, 0xbd, 0xfd, 0x33, 0x2d, 0xbe,
  0x63, 0x6b, 0x7d, 0x3d, 0x45, 0xa3, 0x59, 0xbe, 0xcd, 0xc5, 0x13, 0x3e,
  0x53, 0xc2, 0x1e, 0x3e, 0x85, 0xd5, 0x8e, 0x3d, 0x39, 0x3c, 0x70, 0x3e,
  0x85, 0x3e, 0xc6, 0xbd, 0x29, 0x38, 0x5b, 0x3d, 0xb3, 0xb2, 0x36, 0xbe,
  0x3a, 0x11, 0x79, 0xbd, 0x5c, 0x46, 0x4f, 0x3e, 0xd7, 0xc2, 0x34, 0x3e,
  0x04, 0xae, 0x28, 0xbd, 0xb7, 0xd9, 0xf4, 0x3d, 0x55, 0x6c, 0xb2, 0xbd,
  0x9d, 0x14, 0x31, 0x3d, 0xcb, 0xd8, 0xbb, 0x3d, 0x8d, 0xb1, 0xca, 0xbd,
  0x84, 0xf1, 0xce, 0x3c, 0x65, 0xfd, 0x35, 0xbd, 0x5d, 0xc4, 0xa2, 0xbd,
  0xc7, 0x37, 0xbd, 0x3c, 0xff, 0x1d, 0x65, 0xbe, 0x58, 0x4c, 0x63, 0x3d,
  0x38, 0x81, 0xd1, 0xbd, 0xab, 0x45, 0xcc, 0x3d, 0xcf, 0x58, 0x13, 0xbe,
  0x66, 0xd2, 0x3d, 0x3d, 0x58, 0xa5, 0x90, 0xbd, 0xba, 0x8e, 0xf6, 0x3d,
  0xd5, 0x8c, 0xcd, 0x3d, 0xd9, 0xb3, 0x15, 0x3e, 0xea, 0x92, 0x62, 0xbe,
  0x8b, 0x49, 0x9a, 0xbd, 0xf3, 0x0c, 0xe2, 0xbd, 0xfc, 0x7a, 0xc7, 0xbd,
  0x92, 0x43, 0x2f, 0x3d, 0x72, 0x5e, 0xe4, 0xbd, 0x6d, 0x55, 0x21, 0x3e,
  0x4e, 0x58, 0x18, 0xbe, 0x73, 0x89, 0x02, 0x3d, 0xd0, 0xa4, 0x31, 0x3c,
  0x66, 0xe5, 0x15, 0x3e, 0x88, 0x94, 0x5d, 0xbe, 0xa7, 0x52, 0xa8, 0xbd,
  0xfd, 0x3b, 0xad, 0x3d, 0xcd, 0x21, 0x0c, 0x3e, 0x9e, 0x29, 0xeb, 0x3d,
  0xce, 0xbc, 0xef, 0xbd, 0x0e, 0x56, 0x00, 0xbb, 0x10, 0x2a, 0xd1, 0x3d,
  0xb1, 0x2d, 0x51, 0xbe, 0x17, 0x74, 0x1d, 0xbd, 0xc8, 0x8a, 0x9c, 0xbd,
  0x33, 0xc2, 0xa0, 0x3d, 0x55, 0x41, 0xc2, 0x3d, 0x42, 0x19, 0x3d, 0x3e,
  0x11, 0x58, 0x91, 0xbd, 0x23, 0x98, 0x01, 0x3d, 0x6d, 0x80, 0x7e, 0xbd,
  0x97, 0xa1, 0x4b, 0xbe, 0x9f, 0xc2, 0x2d, 0x3e, 0xe6, 0x5c, 0x58, 0xbd,
  0xc1, 0xf2, 0x34, 0xbd, 0x55, 0x63, 0x8d, 0x3d, 0x73, 0x32, 0x27, 0xbc,
  0xce, 0xba, 0xd6, 0x3d, 0x91, 0x86, 0x96, 0xbc, 0x6a, 0x67, 0x98, 0xbd,
  0xfd, 0xe4, 0x42, 0x3e, 0xfd, 0xb5, 0x7f, 0xbd, 0xfe, 0x5c, 0x5c, 0x3e,
  0x09, 0x31, 0x3a, 0x3e, 0x1e, 0x63, 0xa0, 0xbd, 0xae, 0x49, 0xad, 0xbd,
  0x07, 0x20, 0x09, 0x3e, 0x92, 0x2d, 0x22, 0x3e, 0xd4, 0x35, 0xaf, 0x3d,
  0x11, 0x97, 0x89, 0x3d, 0x29, 0x63, 0xd6, 0xbd, 0xee, 0x8c, 0x46, 0xbe,
  0x5c, 0x5d, 0x8a, 0xbc, 0x61, 0x27, 0x45, 0xbe, 0x8d, 0xb1, 0xc2, 0xbd,
  0xac, 0x1a, 0x2f, 0xbd, 0xfe, 0x43, 0x79, 0xbd, 0xc8, 0x02, 0x54, 0x3d,
  0xac, 0x01, 0x45, 0xbe, 0xb3, 0xa2, 0x22, 0xbe, 0x1a, 0x01, 0xbc, 0x3d,
  0x89, 0x7c, 0xda, 0x3c, 0x6b, 0xe5, 0x34, 0x3e, 0x8e, 0x4b, 0xc3, 0xbd,
  0x41, 0xd4, 0xeb, 0x3c, 0x3e, 0x7a, 0xd2, 0x3d, 0xd2, 0xc2, 0xb7, 0x3c,
  0xf7, 0x90, 0x5f, 0x3b, 0x98, 0xe5, 0x06, 0xbe, 0xa6, 0x58, 0x76, 0x3e,
  0x4c, 0x61, 0x89, 0x3d, 0x57, 0x23, 0x10, 0x3e, 0x45, 0x30, 0x2f, 0xbe,
  0xc2, 0xf7, 0x4f, 0x3d, 0x26, 0x5d, 0x18, 0x3e, 0x23, 0x2b, 0x3a, 0x3b,
  0x45, 0xd3, 0xd1, 0x3d, 0x26, 0xc0, 0xd5, 0xbd, 0x5e, 0x6d, 0xf5, 0xbd,
  0xb0, 0x51, 0xb4, 0x3a, 0xa3, 0x08, 0x58, 0xbe, 0x49, 0x2c, 0xd3, 0xbd,
  0xed, 0x09, 0xd2, 0xbd, 0x6b, 0xf4, 0xeb, 0xbd, 0x8d, 0x52, 0xd2, 0xbd,
  0xc0, 0x58, 0x6a, 0x3e, 0x0a, 0xf5, 0x0b, 0xbd, 0x0f, 0x73, 0x3f, 0xbd,
  0x79, 0x76, 0x4c, 0xbe, 0x1e, 0xf9, 0x37, 0xbe, 0x77, 0x21, 0xd9, 0xbd,
  0x79, 0x67, 0xdc, 0xba, 0x72, 0x4a, 0x17, 0x3e, 0x90, 0x1a, 0x1b, 0x3e,
  0xaa, 0xa9, 0xf5, 0x3c, 0xfa, 0x5a, 0x07, 0xbd, 0xf3, 0x0f, 0xe2, 0x3d,
  0x51, 0x44, 0x9d, 0xbd, 0xa3, 0x6d, 0x6e, 0xbd, 0x6d, 0xfe, 0xe6, 0x3c,
  0x51, 0xe1, 0xd3, 0x3d, 0x6c, 0xef, 0x87, 0x3d, 0x63, 0x97, 0xf1, 0xbd,
  0x7a, 0x7a, 0xab, 0x3d, 0xf8, 0x06, 0xd7, 0xbd, 0xaa, 0xf1, 0x23, 0xbe,
  0x42, 0xe5, 0x61, 0xbe, 0xd6, 0xab, 0xad, 0xbd, 0xa3, 0xcd, 0x46, 0xbc,
  0xd9, 0x7c, 0x43, 0x3c, 0xd8, 0x9b, 0x2c, 0x3e, 0x95, 0x1b, 0x52, 0x3d,
  0x82, 0x97, 0xb9, 0xbd, 0x27, 0xe6, 0x9f, 0xbd, 0x11, 0x15, 0x0a, 0x3d,
  0x74, 0x85, 0x19, 0xbd, 0x0d, 0x02, 0x89, 0x3c, 0x59, 0x6e, 0x23, 0xbe,
  0x27, 0x56, 0x0c, 0xbe, 0x98, 0x4c, 0x41, 0xbe, 0xa7, 0x3f, 0x41, 0xbe,
  0x1a, 0x6d, 0x33, 0x3e, 0xfa, 0x89, 0x52, 0xbe, 0xc7, 0x26, 0xf6, 0x3d,
  0xe1, 0xd7, 0xb6, 0x3c, 0x14, 0xf6, 0x47, 0x3e, 0xb4, 0xeb, 0x57, 0xbd,
  0x46, 0xc8, 0x10, 0xbe, 0x50, 0xe9, 0x98, 0x3d, 0x69, 0x76, 0xed, 0xbd,
  0xa1, 0xbc, 0x1d, 0x3e, 0x2c, 0x34, 0x05, 0x3e, 0xd4, 0xf5, 0x35, 0xbe,
  0xf1, 0xd4, 0x36, 0x3c, 0xdf, 0x7b, 0xca, 0x3d, 0x78, 0x8c, 0x3f, 0xbe,
  0xbf, 0xef, 0x08, 0x3e, 0x1b, 0xfd, 0xc8, 0xbd, 0x7e, 0x86, 0x36, 0xbe,
  0x2c, 0xfe, 0x50, 0xbe, 0xe9, 0xfc, 0x12, 0xbe, 0x44, 0x2d, 0xf5, 0x3d,
  0x9b, 0xd4, 0x3a, 0xbe, 0xa0, 0x94, 0xbd, 0xbd, 0x37, 0x62, 0x4d, 0x3e,
  0x73, 0x6c, 0x65, 0x3d, 0xce, 0xd0, 0x2e, 0x3e, 0x24, 0x9a, 0x82, 0x3d,
  0x86, 0x0a, 0x67, 0xbd, 0x50, 0x20, 0x82, 0xbe, 0xf7, 0xc5, 0x2b, 0x3d,
  0x00, 0x20, 0xd9, 0xbd, 0x37, 0xe8, 0x2c, 0x3e, 0xdf, 0x2d, 0x5c, 0x3c,
  0x4e, 0x91, 0x90, 0xbd, 0x52, 0x71, 0x0b, 0xbe, 0xd3, 0x09, 0xff, 0xbd,
  0x34, 0x21, 0x95, 0xbd, 0x6f, 0x1b, 0xf2, 0x3c, 0x13, 0x08, 0x76, 0xbd,
  0x5d, 0x8f, 0x1d, 0xbd, 0x82, 0xd2, 0x1d, 0xbe, 0xf4, 0x69, 0x3b, 0xbe,
  0xa9, 0xe3, 0x44, 0xbd, 0x5f, 0x5c, 0x2b, 0xbe, 0xd7, 0xae, 0xe6, 0x3d,
  0x6b, 0x4b, 0xb3, 0x3c, 0x92, 0x10, 0xe3, 0xbc, 0xd8, 0x8b, 0xf2, 0x3b,
  0x08, 0x44, 0x0d, 0xbe, 0x28, 0x97, 0x6a, 0x3d, 0x37, 0x06, 0xcd, 0xbd,
  0x00, 0x78, 0x9e, 0x3e, 0xac, 0xd0, 0x88, 0x3d, 0x01, 0x8e, 0xa7, 0x3d,
  0x67, 0x18, 0xb7, 0x3c, 0xb5, 0xfe, 0x80, 0xbd, 0x7f, 0xbb, 0xc2, 0x3c,
  0xe3, 0x6b, 0x69, 0xbd, 0xdd, 0xea, 0xe5, 0x3d, 0x77, 0xd9, 0xb1, 0x3c,
  0x75, 0x22, 0x64, 0xbe, 0x4e, 0xe0, 0x5f, 0xbe, 0xc1, 0x27, 0x94, 0x3d,
  0x19, 0xd9, 0xd6, 0xbd, 0x17, 0x08, 0x1f, 0x3e, 0xe8, 0x12, 0x94, 0xbd,
  0xd8, 0x7a, 0x66, 0x3d, 0x24, 0x14, 0xbf, 0xbd, 0x39, 0x50, 0xa1, 0xba,
  0x5a, 0xe7, 0x0f, 0xbe, 0x41, 0x86, 0x11, 0x3e, 0xd4, 0xd2, 0x84, 0x3d,
  0xa4, 0x09, 0xb6, 0xbd, 0x43, 0x6f, 0xf5, 0x3d, 0x4c, 0xc6, 0x91, 0x3d,
  0xc5, 0x33, 0x8f, 0xbd, 0x66, 0x27, 0x06, 0xbe, 0x4e, 0xb4, 0xb0, 0xbb,
  0x4b, 0xac, 0x09, 0xbb, 0x56, 0xef, 0x32, 0x3e, 0xb1, 0xde, 0x50, 0x3d,
  0xfb, 0x29, 0xa2, 0xbc, 0x58, 0x4f, 0x08, 0xbe, 0x7a, 0x8a, 0x8f, 0x3e,
  0x7e, 0x6e, 0xd9, 0xbd, 0x23, 0x9b, 0x5d, 0x3c, 0xbf, 0x5e, 0x3c, 0x3e,
  0xbe, 0x6b, 0xce, 0xbd, 0x7c, 0x12, 0x94, 0xbd, 0x93, 0x1a, 0x1b, 0x3e,
  0x34, 0x34, 0x2e, 0xbe, 0x4c, 0xec, 0xc9, 0x3d, 0x30, 0x11, 0xc4, 0xbd,
  0x2a, 0x33, 0x3f, 0x3e, 0x13, 0x89, 0x50, 0x3e, 0x71, 0xc1, 0xb4, 0x3d,
  0xe1, 0x16, 0x4c, 0x3e, 0x66, 0x44, 0x36, 0xbe, 0x6c, 0x31, 0xce, 0x3d,
  0x8f, 0x3a, 0xc1, 0x3d, 0x5f, 0x98, 0x58, 0xbe, 0xe2, 0x97, 0x6c, 0xbd,
  0x6e, 0x6e, 0x96, 0x3d, 0x5a, 0x6e, 0x27, 0xbd, 0x8d, 0x37, 0x9b, 0x3d,
  0x49, 0xf6, 0x11, 0x3e, 0x86, 0xfc, 0xb5, 0xbd, 0x76, 0xea, 0x3f, 0xbe,
  0xc8, 0xc9, 0xd0, 0x3c, 0xf3, 0xd9, 0x0c, 0x3e, 0x41, 0x72, 0x88, 0x3d,
  0xbe, 0x72, 0x63, 0xbe, 0x85, 0x28, 0x0e, 0xbe, 0x3e, 0x1d, 0x10, 0xbd,
  0x8c, 0x12, 0x15, 0xbe, 0x6a, 0x99, 0xe3, 0xbd, 0x54, 0x69, 0x74, 0xbe,
  0x97, 0x24, 0xe1, 0xbd, 0xc1, 0x1e, 0xd1, 0x3d, 0x36, 0xe7, 0x1a, 0x3e,
  0xfe, 0x94, 0x2e, 0xbd, 0x03, 0x1c, 0x0f, 0xbe, 0x59, 0x19, 0x3e, 0xbe,
  0xc3, 0xd3, 0x00, 0x3e, 0x8e, 0x77, 0xe0, 0x3d, 0x27, 0x4d, 0x61, 0xbd,
  0x3c, 0x82, 0x76, 0x3d, 0x71, 0x07, 0x1c, 0xbe, 0x0b, 0xff, 0x5c, 0xbe,
  0xb2, 0x46, 0xd8, 0x3c, 0x2e, 0x69, 0x00, 0x3c, 0xc9, 0x41, 0xc1, 0x3d,
  0x56, 0x5d, 0x56, 0x3d, 0xbd, 0xc9, 0x0a, 0x3e, 0x2d, 0x58, 0x18, 0xbe,
  0x6f, 0x34, 0x35, 0xbe, 0x85, 0xe9, 0x16, 0x3d, 0x94, 0x64, 0x46, 0xbd,
  0x40, 0xe7, 0xf5, 0xbd, 0x7b, 0x43, 0x85, 0x3e, 0x23, 0x39, 0x20, 0x3c,
  0x1c, 0xe9, 0x8d, 0xbd, 0xbd, 0x40, 0x53, 0x3e, 0xfc, 0x39, 0x3f, 0xbd,
  0x11, 0x9f, 0x76, 0xbd, 0xb3, 0x4f, 0xd2, 0x3d, 0xf8, 0xec, 0x87, 0xbd,
  0xb3, 0x29, 0x06, 0xbe, 0x4b, 0x1a, 0x10, 0xbe, 0x91, 0x00, 0x82, 0x3c,
  0x9d, 0xdb, 0x09, 0xbe, 0xe5, 0x46, 0x53, 0x3c, 0x3b, 0x15, 0x56, 0x3e,
  0x1f, 0x21, 0xcc, 0x3d, 0x53, 0x5c, 0x9b, 0xbb, 0xe1, 0x03, 0xfd, 0xbc,
  0x94, 0x67, 0x0d, 0x3e, 0x66, 0x4b, 0x29, 0x3e, 0x1c, 0xc4, 0xcf, 0x3d,
  0xd5, 0x58, 0xae, 0xbd, 0x98, 0xd1, 0x12, 0xbe, 0x88, 0xb7, 0x3d, 0x3d,
  0x0d, 0x68, 0x43, 0x3e, 0x4c, 0x11, 0x21, 0xbd, 0x26, 0xa0, 0x36, 0x3e,
  0x43, 0x76, 0xe6, 0xbd, 0xc4, 0x49, 0xcd, 0xbd, 0xa2, 0xb8, 0xcf, 0x3b,
  0x6a, 0xe7, 0x20, 0xbe, 0x43, 0x7c, 0xfc, 0x3d, 0xaa, 0x13, 0xb2, 0xbc,
  0xf0, 0x7d, 0x8a, 0xbd, 0xfa, 0x4d, 0x2f, 0xbe, 0xb3, 0x01, 0xb7, 0x3d,
  0xc9, 0x02, 0x2f, 0x3e, 0xce, 0xd6, 0x09, 0x3e, 0x7a, 0x89, 0x13, 0xbc,
  0xc6, 0x8b, 0x2b, 0x3e, 0x6b, 0x98, 0xb9, 0x3d, 0xab, 0x54, 0x4c, 0xbd,
  0x59, 0x99, 0xfb, 0xbd, 0x15, 0xf5, 0x6f, 0xbe, 0x67, 0x4d, 0xf8, 0x3c,
  0x3f, 0xe2, 0x96, 0x3c, 0xeb, 0x10, 0x1e, 0x3e, 0xef, 0x17, 0xe0, 0x3d,
  0xfe, 0xfc, 0xff, 0xff, 0x04, 0x00, 0x00, 0x00, 0x0c, 0x00, 0x00, 0x00,
  0xff, 0xff, 0xff, 0xff, 0x20, 0x00, 0x00, 0x00, 0x08, 0x00, 0x00, 0x00,
  0x16, 0xfd, 0xff, 0xff, 0x04, 0x00, 0x00, 0x00, 0x0c, 0x00, 0x00, 0x00,
  0xff, 0xff, 0xff, 0xff, 0x10, 0x00, 0x00, 0x00, 0x08, 0x00, 0x00, 0x00,
  0x2e, 0xfd, 0xff, 0xff, 0x04, 0x00, 0x00, 0x00, 0x0c, 0x00, 0x00, 0x00,
  0xff, 0xff, 0xff, 0xff, 0x10, 0x00, 0x00, 0x00, 0x10, 0x00, 0x00, 0x00,
  0x46, 0xfd, 0xff, 0xff, 0x04, 0x00, 0x00, 0x00, 0x0c, 0x00, 0x00, 0x00,
  0xff, 0xff, 0xff, 0xff, 0x08, 0x00, 0x00, 0x00, 0x10, 0x00, 0x00, 0x00,
  0x5e, 0xfd, 0xff, 0xff, 0x04, 0x00, 0x00, 0x00, 0x0c, 0x00, 0x00, 0x00,
  0xff, 0xff, 0xff, 0xff, 0x08, 0x00, 0x00, 0x00, 0x20, 0x00, 0x00, 0x00,
  0x76, 0xfd, 0xff, 0xff, 0x04, 0x00, 0x00, 0x00, 0x14, 0x00, 0x00, 0x00,
  0x63, 0x5b, 0x1f, 0xbd, 0x97, 0x01, 0x64, 0xbd, 0x59, 0x76, 0xfc, 0xbc,
  0x8d, 0x9b, 0xa8, 0x3d, 0xc6, 0xb3, 0x4b, 0x3d, 0x96, 0xfd, 0xff, 0xff,
  0x04, 0x00, 0x00, 0x00, 0x20, 0x00, 0x00, 0x00, 0x3e, 0x8f, 0x06, 0x3e,
  0x1c, 0x92, 0x2b, 0xbc, 0x38, 0xdc, 0x52, 0x3e, 0x86, 0xea, 0x95, 0x3c,
  0x48, 0x46, 0xee, 0xbc, 0xb4, 0xea, 0xdb, 0x3c, 0x2a, 0x3b, 0xdd, 0xbd,
  0x7c, 0xd8, 0xed, 0x3d, 0xc2, 0xfd, 0xff, 0xff, 0x04, 0x00, 0x00, 0x00,
  0x40, 0x00, 0x00, 0x00, 0x52, 0x71, 0x16, 0xbe, 0x67, 0x65, 0xce, 0xbd,
  0x75, 0x64, 0x02, 0xbe, 0x20, 0x63, 0xac, 0xbd, 0x97, 0x1e, 0x68, 0x3b,
  0x59, 0x3f, 0xab, 0x3d, 0xdd, 0xbc, 0xa6, 0xbc, 0x61, 0x53, 0x1d, 0xbc,
  0xac, 0xfb, 0xb5, 0x3d, 0x67, 0x89, 0xb7, 0xbd, 0xa1, 0xa5, 0x9c, 0x3d,
  0x29, 0x96, 0xb3, 0x3b, 0xf0, 0xb5, 0x7b, 0xbd, 0x45, 0x5a, 0xd2, 0x3c,
  0xf3, 0x1d, 0xc0, 0x3c, 0xa9, 0x86, 0xe4, 0x3c, 0x0e, 0xfe, 0xff, 0xff,
  0x04, 0x00, 0x00, 0x00, 0x80, 0x00, 0x00, 0x00, 0x56, 0xee, 0xae, 0x39,
  0xb0, 0x67, 0x8c, 0x3d, 0xad, 0x44, 0xe0, 0xbc, 0x08, 0x0e, 0xde, 0x3c,
  0x25, 0x72, 0x64, 0xbd, 0x40, 0x34, 0x75, 0x3d, 0x76, 0x6d, 0x8e, 0xbd,
  0x72, 0x72, 0x55, 0x3d, 0xe9, 0x62, 0x58, 0x3d, 0x46, 0xea, 0x09, 0xbd,
  0xd3, 0xa1, 0xcc, 0x3c, 0x67, 0x96, 0x06, 0xbe, 0xaa, 0xa6, 0xe7, 0xbb,
  0xde, 0x77, 0xa1, 0x3d, 0x44, 0x9f, 0xf1, 0xbd, 0x6d, 0x6d, 0xf3, 0x3d,
  0xcb, 0xe7, 0xaa, 0x3d, 0xf1, 0xb3, 0xaa, 0x3d, 0xb1, 0x76, 0x5d, 0xbd,
  0x04, 0x0f, 0xa8, 0xbd, 0x02, 0x4b, 0x1e, 0xbe, 0xeb, 0x92, 0x6a, 0xbd,
  0x7e, 0x15, 0xa3, 0xbd, 0x9b, 0x70, 0xa8, 0xbc, 0xff, 0x77, 0x9e, 0x3a,
  0x0e, 0xce, 0x9b, 0xbd, 0x04, 0x14, 0x30, 0xbd, 0xb5, 0x98, 0xd5, 0xbd,
  0x87, 0xba, 0xc5, 0xbd, 0xa2, 0x47, 0xb7, 0xbb, 0xaf, 0x22, 0xf0, 0xbd,
  0xcf, 0xc6, 0xc4, 0xbd, 0x9a, 0xfe, 0xff, 0xff, 0x04, 0x00, 0x00, 0x00,
  0x80, 0x00, 0x00, 0x00, 0x10, 0x6c, 0x1f, 0x3b, 0x95, 0xc3, 0x0d, 0xbd,
  0xcb, 0xb1, 0xd9, 0xbc, 0x62, 0xf8, 0xa4, 0xbd, 0x29, 0x52, 0xd9, 0x3d,
  0x0a, 0x63, 0x73, 0xbd, 0x69, 0xc0, 0xcd, 0x3d, 0xd0, 0x18, 0xb0, 0xbd,
  0x6e, 0x57, 0x55, 0x3d, 0x06, 0x33, 0xec, 0xbc, 0xfa, 0x83, 0xda, 0xbc,
  0x48, 0x6b, 0xa3, 0xbd, 0xf6, 0x01, 0xf4, 0x3d, 0xee, 0x1e, 0x1b, 0x3d,
  0xd4, 0x65, 0xef, 0x3d, 0xef, 0xa5, 0xe8, 0x3d, 0x23, 0xd0, 0xe3, 0x3d,
  0xd6, 0xf1, 0x36, 0xbd, 0x31, 0x44, 0xfe, 0xbc, 0x9d, 0xbe, 0x4e, 0x3d,
  0x0b, 0x34, 0xb8, 0xbb, 0x47, 0x3f, 0x79, 0x3c, 0xf4, 0x76, 0xde, 0xbc,
  0xe9, 0x64, 0x00, 0xbc, 0x94, 0x63, 0xcf, 0x3d, 0x16, 0xc0, 0x10, 0x3c,
  0xa4, 0x3c, 0x94, 0x3d, 0xb2, 0x1d, 0x0a, 0xbd, 0x40, 0x84, 0x69, 0x3c,
  0x9f, 0xe1, 0x10, 0x3c, 0x09, 0x20, 0x84, 0x3d, 0xea, 0x9c, 0x37, 0xbd,
  0xa8, 0xd8, 0xff, 0xff, 0xac, 0xd8, 0xff, 0xff, 0x0f, 0x00, 0x00, 0x00,
  0x4d, 0x4c, 0x49, 0x52, 0x20, 0x43, 0x6f, 0x6e, 0x76, 0x65, 0x72, 0x74,
  0x65, 0x64, 0x2e, 0x00, 0x01, 0x00, 0x00, 0x00, 0x14, 0x00, 0x00, 0x00,
  0x00, 0x00, 0x0e, 0x00, 0x18, 0x00, 0x14, 0x00, 0x10, 0x00, 0x0c, 0x00,
  0x08, 0x00, 0x04, 0x00, 0x0e, 0x00, 0x00, 0x00, 0x14, 0x00, 0x00, 0x00,
  0x1c, 0x00, 0x00, 0x00, 0xa4, 0x05, 0x00, 0x00, 0xa8, 0x05, 0x00, 0x00,
  0xac, 0x05, 0x00, 0x00, 0x04, 0x00, 0x00, 0x00, 0x6d, 0x61, 0x69, 0x6e,
  0x00, 0x00, 0x00, 0x00, 0x19, 0x00, 0x00, 0x00, 0x5c, 0x05, 0x00, 0x00,
  0xfc, 0x04, 0x00, 0x00, 0xb8, 0x04, 0x00, 0x00, 0x84, 0x04, 0x00, 0x00,
  0x5c, 0x04, 0x00, 0x00, 0x20, 0x04, 0x00, 0x00, 0xcc, 0x03, 0x00, 0x00,
  0x94, 0x03, 0x00, 0x00, 0x64, 0x03, 0x00, 0x00, 0x20, 0x03, 0x00, 0x00,
  0xec, 0x02, 0x00, 0x00, 0xb8, 0x02, 0x00, 0x00, 0x90, 0x02, 0x00, 0x00,
  0x60, 0x02, 0x00, 0x00, 0x1c, 0x02, 0x00, 0x00, 0xf4, 0x01, 0x00, 0x00,
  0xc4, 0x01, 0x00, 0x00, 0x80, 0x01, 0x00, 0x00, 0x4c, 0x01, 0x00, 0x00,
  0x18, 0x01, 0x00, 0x00, 0xf0, 0x00, 0x00, 0x00, 0xbc, 0x00, 0x00, 0x00,
  0x78, 0x00, 0x00, 0x00, 0x40, 0x00, 0x00, 0x00, 0x04, 0x00, 0x00, 0x00,
  0x8e, 0xfc, 0xff, 0xff, 0x1c, 0x00, 0x00, 0x00, 0x00, 0x00, 0x00, 0x09,
  0x1c, 0x00, 0x00, 0x00, 0x20, 0x00, 0x00, 0x00, 0x08, 0x00, 0x00, 0x00,
  0x00, 0x00, 0x06, 0x00, 0x08, 0x00, 0x04, 0x00, 0x06, 0x00, 0x00, 0x00,
  0x00, 0x00, 0x80, 0x3f, 0x01, 0x00, 0x00, 0x00, 0x30, 0x00, 0x00, 0x00,
  0x01, 0x00, 0x00, 0x00, 0x2f, 0x00, 0x00, 0x00, 0xaa, 0xfb, 0xff, 0xff,
  0x14, 0x00, 0x00, 0x00, 0x00, 0x00, 0x00, 0x08, 0x10, 0x00, 0x00, 0x00,
  0x14, 0x00, 0x00, 0x00, 0x07, 0x00, 0x00, 0x00, 0xb8, 0xd9, 0xff, 0xff,
  0x01, 0x00, 0x00, 0x00, 0x2f, 0x00, 0x00, 0x00, 0x03, 0x00, 0x00, 0x00,
  0x2e, 0x00, 0x00, 0x00, 0x0e, 0x00, 0x00, 0x00, 0x05, 0x00, 0x00, 0x00,
  0xfa, 0xfc, 0xff, 0xff, 0x1c, 0x00, 0x00, 0x00, 0x00, 0x00, 0x00, 0x08,
  0x1c, 0x00, 0x00, 0x00, 0x20, 0x00, 0x00, 0x00, 0x07, 0x00, 0x00, 0x00,
  0x00, 0x00, 0x06, 0x00, 0x08, 0x00, 0x07, 0x00, 0x06, 0x00, 0x00, 0x00,
  0x00, 0x00, 0x00, 0x01, 0x01, 0x00, 0x00, 0x00, 0x2e, 0x00, 0x00, 0x00,
  0x03, 0x00, 0x00, 0x00, 0x2d, 0x00, 0x00, 0x00, 0x0f, 0x00, 0x00, 0x00,
  0x01, 0x00, 0x00, 0x00, 0x1e, 0xfc, 0xff, 0xff, 0x14, 0x00, 0x00, 0x00,
  0x00, 0x00, 0x00, 0x1b, 0x10, 0x00, 0x00, 0x00, 0x14, 0x00, 0x00, 0x00,
  0x06, 0x00, 0x00, 0x00, 0x2c, 0xda, 0xff, 0xff, 0x01, 0x00, 0x00, 0x00,
  0x2d, 0x00, 0x00, 0x00, 0x02, 0x00, 0x00, 0x00, 0x2c, 0x00, 0x00, 0x00,
  0x16, 0x00, 0x00, 0x00, 0xde, 0xfc, 0xff, 0xff, 0x0c, 0x00, 0x00, 0x00,
  0x10, 0x00, 0x00, 0x00, 0x04, 0x00, 0x00, 0x00, 0x01, 0x00, 0x00, 0x00,
  0x2c, 0x00, 0x00, 0x00, 0x02, 0x00, 0x00, 0x00, 0x2b, 0x00, 0x00, 0x00,
  0x06, 0x00, 0x00, 0x00, 0x72, 0xfc, 0xff, 0xff, 0x14, 0x00, 0x00, 0x00,
  0x00, 0x00, 0x00, 0x0b, 0x10, 0x00, 0x00, 0x00, 0x14, 0x00, 0x00, 0x00,
  0x03, 0x00, 0x00, 0x00, 0x80, 0xda, 0xff, 0xff, 0x01, 0x00, 0x00, 0x00,
  0x2b, 0x00, 0x00, 0x00, 0x02, 0x00, 0x00, 0x00, 0x2a, 0x00, 0x00, 0x00,
  0x10, 0x00, 0x00, 0x00, 0xa2, 0xfc, 0xff, 0xff, 0x14, 0x00, 0x00, 0x00,
  0x00, 0x00, 0x00, 0x15, 0x10, 0x00, 0x00, 0x00, 0x14, 0x00, 0x00, 0x00,
  0x02, 0x00, 0x00, 0x00, 0xb0, 0xda, 0xff, 0xff, 0x01, 0x00, 0x00, 0x00,
  0x2a, 0x00, 0x00, 0x00, 0x02, 0x00, 0x00, 0x00, 0x29, 0x00, 0x00, 0x00,
  0x11, 0x00, 0x00, 0x00, 0xd2, 0xfc, 0xff, 0xff, 0x14, 0x00, 0x00, 0x00,
  0x00, 0x00, 0x00, 0x01, 0x1c, 0x00, 0x00, 0x00, 0x20, 0x00, 0x00, 0x00,
  0x01, 0x00, 0x00, 0x00, 0xc4, 0xfc, 0xff, 0xff, 0x00, 0x00, 0x00, 0x01,
  0x01, 0x00, 0x00, 0x00, 0x01, 0x00, 0x00, 0x00, 0x01, 0x00, 0x00, 0x00,
  0x29, 0x00, 0x00, 0x00, 0x03, 0x00, 0x00, 0x00, 0x28, 0x00, 0x00, 0x00,
  0x0b, 0x00, 0x00, 0x00, 0x02, 0x00, 0x00, 0x00, 0xb6, 0xfc, 0xff, 0xff,
  0x10, 0x00, 0x00, 0x00, 0x00, 0x00, 0x00, 0x34, 0x0c, 0x00, 0x00, 0x00,
  0x10, 0x00, 0x00, 0x00, 0x1c, 0xdb, 0xff, 0xff, 0x01, 0x00, 0x00, 0x00,
  0x28, 0x00, 0x00, 0x00, 0x02, 0x00, 0x00, 0x00, 0x27, 0x00, 0x00, 0x00,
  0x17, 0x00, 0x00, 0x00, 0xce, 0xfd, 0xff, 0xff, 0x0c, 0x00, 0x00, 0x00,
  0x10, 0x00, 0x00, 0x00, 0x04, 0x00, 0x00, 0x00, 0x01, 0x00, 0x00, 0x00,
  0x27, 0x00, 0x00, 0x00, 0x02, 0x00, 0x00, 0x00, 0x26, 0x00, 0x00, 0x00,
  0x07, 0x00, 0x00, 0x00, 0x62, 0xfd, 0xff, 0xff, 0x14, 0x00, 0x00, 0x00,
  0x00, 0x00, 0x00, 0x05, 0x24, 0x00, 0x00, 0x00, 0x28, 0x00, 0x00, 0x00,
  0x05, 0x00, 0x00, 0x00, 0x6e, 0xfe, 0xff, 0xff, 0x01, 0x00, 0x00, 0x00,
  0x02, 0x00, 0x00, 0x00, 0x01, 0x00, 0x00, 0x00, 0x02, 0x00, 0x00, 0x00,
  0x00, 0x00, 0x00, 0x01, 0x01, 0x00, 0x00, 0x00, 0x26, 0x00, 0x00, 0x00,
  0x01, 0x00, 0x00, 0x00, 0x25, 0x00, 0x00, 0x00, 0x46, 0xfd, 0xff, 0xff,
  0x10, 0x00, 0x00, 0x00, 0x00, 0x00, 0x00, 0x34, 0x0c, 0x00, 0x00, 0x00,
  0x10, 0x00, 0x00, 0x00, 0xac, 0xdb, 0xff, 0xff, 0x01, 0x00, 0x00, 0x00,
  0x25, 0x00, 0x00, 0x00, 0x02, 0x00, 0x00, 0x00, 0x24, 0x00, 0x00, 0x00,
  0x16, 0x00, 0x00, 0x00, 0x5e, 0xfe, 0xff, 0xff, 0x0c, 0x00, 0x00, 0x00,
  0x10, 0x00, 0x00, 0x00, 0x04, 0x00, 0x00, 0x00, 0x01, 0x00, 0x00, 0x00,
  0x24, 0x00, 0x00, 0x00, 0x02, 0x00, 0x00, 0x00, 0x23, 0x00, 0x00, 0x00,
  0x08, 0x00, 0x00, 0x00, 0xf2, 0xfd, 0xff, 0xff, 0x14, 0x00, 0x00, 0x00,
  0x00, 0x00, 0x00, 0x0b, 0x10, 0x00, 0x00, 0x00, 0x14, 0x00, 0x00, 0x00,
  0x03, 0x00, 0x00, 0x00, 0x00, 0xdc, 0xff, 0xff, 0x01, 0x00, 0x00, 0x00,
  0x23, 0x00, 0x00, 0x00, 0x02, 0x00, 0x00, 0x00, 0x22, 0x00, 0x00, 0x00,
  0x14, 0x00, 0x00, 0x00, 0x22, 0xfe, 0xff, 0xff, 0x14, 0x00, 0x00, 0x00,
  0x00, 0x00, 0x00, 0x15, 0x10, 0x00, 0x00, 0x00, 0x14, 0x00, 0x00, 0x00,
  0x02, 0x00, 0x00, 0x00, 0x30, 0xdc, 0xff, 0xff, 0x01, 0x00, 0x00, 0x00,
  0x22, 0x00, 0x00, 0x00, 0x02, 0x00, 0x00, 0x00, 0x21, 0x00, 0x00, 0x00,
  0x15, 0x00, 0x00, 0x00, 0x52, 0xfe, 0xff, 0xff, 0x14, 0x00, 0x00, 0x00,
  0x00, 0x00, 0x00, 0x01, 0x1c, 0x00, 0x00, 0x00, 0x20, 0x00, 0x00, 0x00,
  0x01, 0x00, 0x00, 0x00, 0x44, 0xfe, 0xff, 0xff, 0x00, 0x00, 0x00, 0x01,
  0x01, 0x00, 0x00, 0x00, 0x01, 0x00, 0x00, 0x00, 0x01, 0x00, 0x00, 0x00,
  0x21, 0x00, 0x00, 0x00, 0x03, 0x00, 0x00, 0x00, 0x20, 0x00, 0x00, 0x00,
  0x0c, 0x00, 0x00, 0x00, 0x03, 0x00, 0x00, 0x00, 0x36, 0xfe, 0xff, 0xff,
  0x10, 0x00, 0x00, 0x00, 0x00, 0x00, 0x00, 0x34, 0x0c, 0x00, 0x00, 0x00,
  0x10, 0x00, 0x00, 0x00, 0x9c, 0xdc, 0xff, 0xff, 0x01, 0x00, 0x00, 0x00,
  0x20, 0x00, 0x00, 0x00, 0x02, 0x00, 0x00, 0x00, 0x1f, 0x00, 0x00, 0x00,
  0x17, 0x00, 0x00, 0x00, 0x4e, 0xff, 0xff, 0xff, 0x0c, 0x00, 0x00, 0x00,
  0x10, 0x00, 0x00, 0x00, 0x04, 0x00, 0x00, 0x00, 0x01, 0x00, 0x00, 0x00,
  0x1f, 0x00, 0x00, 0x00, 0x02, 0x00, 0x00, 0x00, 0x1e, 0x00, 0x00, 0x00,
  0x09, 0x00, 0x00, 0x00, 0x00, 0x00, 0x0e, 0x00, 0x1a, 0x00, 0x14, 0x00,
  0x10, 0x00, 0x0c, 0x00, 0x0b, 0x00, 0x04, 0x00, 0x0e, 0x00, 0x00, 0x00,
  0x24, 0x00, 0x00, 0x00, 0x00, 0x00, 0x00, 0x05, 0x34, 0x00, 0x00, 0x00,
  0x38, 0x00, 0x00, 0x00, 0x05, 0x00, 0x00, 0x00, 0x00, 0x00, 0x0e, 0x00,
  0x18, 0x00, 0x17, 0x00, 0x10, 0x00, 0x0c, 0x00, 0x08, 0x00, 0x04, 0x00,
  0x0e, 0x00, 0x00, 0x00, 0x01, 0x00, 0x00, 0x00, 0x02, 0x00, 0x00, 0x00,
  0x01, 0x00, 0x00, 0x00, 0x02, 0x00, 0x00, 0x00, 0x00, 0x00, 0x00, 0x01,
  0x01, 0x00, 0x00, 0x00, 0x1e, 0x00, 0x00, 0x00, 0x01, 0x00, 0x00, 0x00,
  0x1d, 0x00, 0x00, 0x00, 0xe6, 0xfe, 0xff, 0xff, 0x10, 0x00, 0x00, 0x00,
  0x00, 0x00, 0x00, 0x34, 0x0c, 0x00, 0x00, 0x00, 0x10, 0x00, 0x00, 0x00,
  0x4c, 0xdd, 0xff, 0xff, 0x01, 0x00, 0x00, 0x00, 0x1d, 0x00, 0x00, 0x00,
  0x02, 0x00, 0x00, 0x00, 0x1c, 0x00, 0x00, 0x00, 0x16, 0x00, 0x00, 0x00,
  0x00, 0x00, 0x0a, 0x00, 0x10, 0x00, 0x0c, 0x00, 0x08, 0x00, 0x04, 0x00,
  0x0a, 0x00, 0x00, 0x00, 0x0c, 0x00, 0x00, 0x00, 0x10, 0x00, 0x00, 0x00,
  0x04, 0x00, 0x00, 0x00, 0x01, 0x00, 0x00, 0x00, 0x1c, 0x00, 0x00, 0x00,
  0x02, 0x00, 0x00, 0x00, 0x1b, 0x00, 0x00, 0x00, 0x0a, 0x00, 0x00, 0x00,
  0x9e, 0xff, 0xff, 0xff, 0x14, 0x00, 0x00, 0x00, 0x00, 0x00, 0x00, 0x0b,
  0x10, 0x00, 0x00, 0x00, 0x14, 0x00, 0x00, 0x00, 0x03, 0x00, 0x00, 0x00,
  0xac, 0xdd, 0xff, 0xff, 0x01, 0x00, 0x00, 0x00, 0x1b, 0x00, 0x00, 0x00,
  0x02, 0x00, 0x00, 0x00, 0x1a, 0x00, 0x00, 0x00, 0x12, 0x00, 0x00, 0x00,
  0xce, 0xff, 0xff, 0xff, 0x14, 0x00, 0x00, 0x00, 0x00, 0x00, 0x00, 0x15,
  0x10, 0x00, 0x00, 0x00, 0x14, 0x00, 0x00, 0x00, 0x02, 0x00, 0x00, 0x00,
  0xdc, 0xdd, 0xff, 0xff, 0x01, 0x00, 0x00, 0x00, 0x1a, 0x00, 0x00, 0x00,
  0x02, 0x00, 0x00, 0x00, 0x19, 0x00, 0x00, 0x00, 0x13, 0x00, 0x00, 0x00,
  0x00, 0x00, 0x0e, 0x00, 0x18, 0x00, 0x14, 0x00, 0x10, 0x00, 0x0c, 0x00,
  0x0b, 0x00, 0x04, 0x00, 0x0e, 0x00, 0x00, 0x00, 0x20, 0x00, 0x00, 0x00,
  0x00, 0x00, 0x00, 0x01, 0x28, 0x00, 0x00, 0x00, 0x2c, 0x00, 0x00, 0x00,
  0x01, 0x00, 0x00, 0x00, 0x0c, 0x00, 0x10, 0x00, 0x00, 0x00, 0x0c, 0x00,
  0x08, 0x00, 0x07, 0x00, 0x0c, 0x00, 0x00, 0x00, 0x00, 0x00, 0x00, 0x01,
  0x01, 0x00, 0x00, 0x00, 0x01, 0x00, 0x00, 0x00, 0x01, 0x00, 0x00, 0x00,
  0x19, 0x00, 0x00, 0x00, 0x03, 0x00, 0x00, 0x00, 0x18, 0x00, 0x00, 0x00,
  0x0d, 0x00, 0x00, 0x00, 0x04, 0x00, 0x00, 0x00, 0x00, 0x00, 0x0e, 0x00,
  0x14, 0x00, 0x00, 0x00, 0x10, 0x00, 0x0c, 0x00, 0x0b, 0x00, 0x04, 0x00,
  0x0e, 0x00, 0x00, 0x00, 0x10, 0x00, 0x00, 0x00, 0x00, 0x00, 0x00, 0x34,
  0x0c, 0x00, 0x00, 0x00, 0x10, 0x00, 0x00, 0x00, 0x74, 0xde, 0xff, 0xff,
  0x01, 0x00, 0x00, 0x00, 0x18, 0x00, 0x00, 0x00, 0x02, 0x00, 0x00, 0x00,
  0x00, 0x00, 0x00, 0x00, 0x17, 0x00, 0x00, 0x00, 0x01, 0x00, 0x00, 0x00,
  0x30, 0x00, 0x00, 0x00, 0x01, 0x00, 0x00, 0x00, 0x00, 0x00, 0x00, 0x00,
  0x31, 0x00, 0x00, 0x00, 0x98, 0x20, 0x00, 0x00, 0x1c, 0x20, 0x00, 0x00,
  0x28, 0x1f, 0x00, 0x00, 0x4c, 0x1e, 0x00, 0x00, 0x7c, 0x1d, 0x00, 0x00,
  0x30, 0x1d, 0x00, 0x00, 0xd4, 0x1c, 0x00, 0x00, 0x58, 0x1c, 0x00, 0x00,
  0xfc, 0x1b, 0x00, 0x00, 0x9c, 0x1b, 0x00, 0x00, 0x40, 0x1b, 0x00, 0x00,
  0xe4, 0x1a, 0x00, 0x00, 0x88, 0x1a, 0x00, 0x00, 0x2c, 0x1a, 0x00, 0x00,
  0xdc, 0x19, 0x00, 0x00, 0x90, 0x19, 0x00, 0x00, 0x30, 0x19, 0x00, 0x00,
  0xd0, 0x18, 0x00, 0x00, 0x70, 0x18, 0x00, 0x00, 0x10, 0x18, 0x00, 0x00,
  0xb0, 0x17, 0x00, 0x00, 0x50, 0x17, 0x00, 0x00, 0x14, 0x17, 0x00, 0x00,
  0xd8, 0x16, 0x00, 0x00, 0x58, 0x16, 0x00, 0x00, 0x64, 0x15, 0x00, 0x00,
  0x2c, 0x14, 0x00, 0x00, 0x90, 0x12, 0x00, 0x00, 0xfc, 0x10, 0x00, 0x00,
  0x78, 0x10, 0x00, 0x00, 0x00, 0x10, 0x00, 0x00, 0x88, 0x0f, 0x00, 0x00,
  0x08, 0x0f, 0x00, 0x00, 0x08, 0x0e, 0x00, 0x00, 0xc4, 0x0c, 0x00, 0x00,
  0x18, 0x0b, 0x00, 0x00, 0x74, 0x09, 0x00, 0x00, 0xf0, 0x08, 0x00, 0x00,
  0x74, 0x08, 0x00, 0x00, 0xf8, 0x07, 0x00, 0x00, 0x78, 0x07, 0x00, 0x00,
  0x78, 0x06, 0x00, 0x00, 0x34, 0x05, 0x00, 0x00, 0x88, 0x03, 0x00, 0x00,
  0xe4, 0x01, 0x00, 0x00, 0x74, 0x01, 0x00, 0x00, 0xe0, 0x00, 0x00, 0x00,
  0x60, 0x00, 0x00, 0x00, 0x04, 0x00, 0x00, 0x00, 0x42, 0xe0, 0xff, 0xff,
  0x00, 0x00, 0x00, 0x01, 0x14, 0x00, 0x00, 0x00, 0x1c, 0x00, 0x00, 0x00,
  0x1c, 0x00, 0x00, 0x00, 0x31, 0x00, 0x00, 0x00, 0x34, 0x00, 0x00, 0x00,
  0x02, 0x00, 0x00, 0x00, 0xff, 0xff, 0xff, 0xff, 0x05, 0x00, 0x00, 0x00,
  0x8c, 0xdf, 0xff, 0xff, 0x1b, 0x00, 0x00, 0x00, 0x53, 0x74, 0x61, 0x74,
  0x65, 0x66, 0x75, 0x6c, 0x50, 0x61, 0x72, 0x74, 0x69, 0x74, 0x69, 0x6f,
  0x6e, 0x65, 0x64, 0x43, 0x61, 0x6c, 0x6c, 0x5f, 0x31, 0x3a, 0x30, 0x00,
  0x02, 0x00, 0x00, 0x00, 0x01, 0x00, 0x00, 0x00, 0x05, 0x00, 0x00, 0x00,
  0x9a, 0xe0, 0xff, 0xff, 0x00, 0x00, 0x00, 0x01, 0x14, 0x00, 0x00, 0x00,
  0x1c, 0x00, 0x00, 0x00, 0x1c, 0x00, 0x00, 0x00, 0x30, 0x00, 0x00, 0x00,
  0x58, 0x00, 0x00, 0x00, 0x02, 0x00, 0x00, 0x00, 0xff, 0xff, 0xff, 0xff,
  0x05, 0x00, 0x00, 0x00, 0xe4, 0xdf, 0xff, 0xff, 0x3c, 0x00, 0x00, 0x00,
  0x73, 0x65, 0x71, 0x75, 0x65, 0x6e, 0x74, 0x69, 0x61, 0x6c, 0x5f, 0x31,
  0x2f, 0x64, 0x65, 0x6e, 0x73, 0x65, 0x5f, 0x31, 0x5f, 0x32, 0x2f, 0x4d,
  0x61, 0x74, 0x4d, 0x75, 0x6c, 0x3b, 0x73, 0x65, 0x71, 0x75, 0x65, 0x6e,
  0x74, 0x69, 0x61, 0x6c, 0x5f, 0x31, 0x2f, 0x64, 0x65, 0x6e, 0x73, 0x65,
  0x5f, 0x31, 0x5f, 0x32, 0x2f, 0x42, 0x69, 0x61, 0x73, 0x41, 0x64, 0x64,
  0x00, 0x00, 0x00, 0x00, 0x02, 0x00, 0x00, 0x00, 0x01, 0x00, 0x00, 0x00,
  0x05, 0x00, 0x00, 0x00, 0x16, 0xe1, 0xff, 0xff, 0x00, 0x00, 0x00, 0x01,
  0x14, 0x00, 0x00, 0x00, 0x1c, 0x00, 0x00, 0x00, 0x1c, 0x00, 0x00, 0x00,
  0x2f, 0x00, 0x00, 0x00, 0x6c, 0x00, 0x00, 0x00, 0x02, 0x00, 0x00, 0x00,
  0xff, 0xff, 0xff, 0xff, 0x20, 0x00, 0x00, 0x00, 0x60, 0xe0, 0xff, 0xff,
  0x52, 0x00, 0x00, 0x00, 0x73, 0x65, 0x71, 0x75, 0x65, 0x6e, 0x74, 0x69,
  0x61, 0x6c, 0x5f, 0x31, 0x2f, 0x64, 0x65, 0x6e, 0x73, 0x65, 0x5f, 0x31,
  0x2f, 0x4d, 0x61, 0x74, 0x4d, 0x75, 0x6c, 0x3b, 0x73, 0x65, 0x71, 0x75,
  0x65, 0x6e, 0x74, 0x69, 0x61, 0x6c, 0x5f, 0x31, 0x2f, 0x64, 0x65, 0x6e,
  0x73, 0x65, 0x5f, 0x31, 0x2f, 0x52, 0x65, 0x6c, 0x75, 0x3b, 0x73, 0x65,
  0x71, 0x75, 0x65, 0x6e, 0x74, 0x69, 0x61, 0x6c, 0x5f, 0x31, 0x2f, 0x64,
  0x65, 0x6e, 0x73, 0x65, 0x5f, 0x31, 0x2f, 0x42, 0x69, 0x61, 0x73, 0x41,
  0x64, 0x64, 0x00, 0x00, 0x02, 0x00, 0x00, 0x00, 0x01, 0x00, 0x00, 0x00,
  0x20, 0x00, 0x00, 0x00, 0xa6, 0xe1, 0xff, 0xff, 0x00, 0x00, 0x00, 0x01,
  0x14, 0x00, 0x00, 0x00, 0x1c, 0x00, 0x00, 0x00, 0x1c, 0x00, 0x00, 0x00,
  0x2e, 0x00, 0x00, 0x00, 0x48, 0x00, 0x00, 0x00, 0x02, 0x00, 0x00, 0x00,
  0xff, 0xff, 0xff, 0xff, 0x20, 0x00, 0x00, 0x00, 0xf0, 0xe0, 0xff, 0xff,
  0x2c, 0x00, 0x00, 0x00, 0x73, 0x65, 0x71, 0x75, 0x65, 0x6e, 0x74, 0x69,
  0x61, 0x6c, 0x5f, 0x31, 0x2f, 0x67, 0x6c, 0x6f, 0x62, 0x61, 0x6c, 0x5f,
  0x61, 0x76, 0x65, 0x72, 0x61, 0x67, 0x65, 0x5f, 0x70, 0x6f, 0x6f, 0x6c,
  0x69, 0x6e, 0x67, 0x31, 0x64, 0x5f, 0x31, 0x2f, 0x4d, 0x65, 0x61, 0x6e,
  0x00, 0x00, 0x00, 0x00, 0x02, 0x00, 0x00, 0x00, 0x01, 0x00, 0x00, 0x00,
  0x20, 0x00, 0x00, 0x00, 0x12, 0xe2, 0xff, 0xff, 0x00, 0x00, 0x00, 0x01,
  0x14, 0x00, 0x00, 0x00, 0x20, 0x00, 0x00, 0x00, 0x20, 0x00, 0x00, 0x00,
  0x2d, 0x00, 0x00, 0x00, 0x78, 0x01, 0x00, 0x00, 0x03, 0x00, 0x00, 0x00,
  0xff, 0xff, 0xff, 0xff, 0x08, 0x00, 0x00, 0x00, 0x20, 0x00, 0x00, 0x00,
  0x60, 0xe1, 0xff, 0xff, 0x59, 0x01, 0x00, 0x00, 0x73, 0x65, 0x71, 0x75,
  0x65, 0x6e, 0x74, 0x69, 0x61, 0x6c, 0x5f, 0x31, 0x2f, 0x62, 0x61, 0x74,
  0x63, 0x68, 0x5f, 0x6e, 0x6f, 0x72, 0x6d, 0x61, 0x6c, 0x69, 0x7a, 0x61,
  0x74, 0x69, 0x6f, 0x6e, 0x5f, 0x32, 0x5f, 0x31, 0x2f, 0x62, 0x61, 0x74,
  0x63, 0x68, 0x6e, 0x6f, 0x72, 0x6d, 0x2f, 0x61, 0x64, 0x64, 0x5f, 0x31,
  0x3b, 0x73, 0x65, 0x71, 0x75, 0x65, 0x6e, 0x74, 0x69, 0x61, 0x6c, 0x5f,
  0x31, 0x2f, 0x63, 0x6f, 0x6e, 0x76, 0x31, 0x64, 0x5f, 0x32, 0x5f, 0x31,
  0x2f, 0x63, 0x6f, 0x6e, 0x76, 0x6f, 0x6c, 0x75, 0x74, 0x69, 0x6f, 0x6e,
  0x2f, 0x53, 0x71, 0x75, 0x65, 0x65, 0x7a, 0x65, 0x3b, 0x73, 0x65, 0x71,
  0x75, 0x65, 0x6e, 0x74, 0x69, 0x61, 0x6c, 0x5f, 0x31, 0x2f, 0x62, 0x61,
  0x74, 0x63, 0x68, 0x5f, 0x6e, 0x6f, 0x72, 0x6d, 0x61, 0x6c, 0x69, 0x7a,
  0x61, 0x74, 0x69, 0x6f, 0x6e, 0x5f, 0x32, 0x5f, 0x31, 0x2f, 0x62, 0x61,
  0x74, 0x63, 0x68, 0x6e, 0x6f, 0x72, 0x6d, 0x2f, 0x6d, 0x75, 0x6c, 0x5f,
  0x31, 0x3b, 0x73, 0x65, 0x71, 0x75, 0x65, 0x6e, 0x74, 0x69, 0x61, 0x6c,
  0x5f, 0x31, 0x2f, 0x63, 0x6f, 0x6e, 0x76, 0x31, 0x64, 0x5f, 0x32, 0x5f,
  0x31, 0x2f, 0x52, 0x65, 0x6c, 0x75, 0x3b, 0x73, 0x65, 0x71, 0x75, 0x65,
  0x6e, 0x74, 0x69, 0x61, 0x6c, 0x5f, 0x31, 0x2f, 0x63, 0x6f, 0x6e, 0x76,
  0x31, 0x64, 0x5f, 0x32, 0x5f, 0x31, 0x2f, 0x42, 0x69, 0x61, 0x73, 0x41,
  0x64, 0x64, 0x3b, 0x73, 0x65, 0x71, 0x75, 0x65, 0x6e, 0x74, 0x69, 0x61,
  0x6c, 0x5f, 0x31, 0x2f, 0x63, 0x6f, 0x6e, 0x76, 0x31, 0x64, 0x5f, 0x32,
  0x5f, 0x31, 0x2f, 0x53, 0x71, 0x75, 0x65, 0x65, 0x7a, 0x65, 0x3b, 0x73,
  0x65, 0x71, 0x75, 0x65, 0x6e, 0x74, 0x69, 0x61, 0x6c, 0x5f, 0x31, 0x2f,
  0x62, 0x61, 0x74, 0x63, 0x68, 0x5f, 0x6e, 0x6f, 0x72, 0x6d, 0x61, 0x6c,
  0x69, 0x7a, 0x61, 0x74, 0x69, 0x6f, 0x6e, 0x5f, 0x32, 0x5f, 0x31, 0x2f,
  0x62, 0x61, 0x74, 0x63, 0x68, 0x6e, 0x6f, 0x72, 0x6d, 0x2f, 0x6d, 0x75,
  0x6c, 0x3b, 0x73, 0x65, 0x71, 0x75, 0x65, 0x6e, 0x74, 0x69, 0x61, 0x6c,
  0x5f, 0x31, 0x2f, 0x62, 0x61, 0x74, 0x63, 0x68, 0x5f, 0x6e, 0x6f, 0x72,
  0x6d, 0x61, 0x6c, 0x69, 0x7a, 0x61, 0x74, 0x69, 0x6f, 0x6e, 0x5f, 0x32,
  0x5f, 0x31, 0x2f, 0x62, 0x61, 0x74, 0x63, 0x68, 0x6e, 0x6f, 0x72, 0x6d,
  0x2f, 0x73, 0x75, 0x62, 0x31, 0x00, 0x00, 0x00, 0x03, 0x00, 0x00, 0x00,
  0x01, 0x00, 0x00, 0x00, 0x08, 0x00, 0x00, 0x00, 0x20, 0x00, 0x00, 0x00,
  0xb2, 0xe3, 0xff, 0xff, 0x00, 0x00, 0x00, 0x01, 0x14, 0x00, 0x00, 0x00,
  0x24, 0x00, 0x00, 0x00, 0x24, 0x00, 0x00, 0x00, 0x2c, 0x00, 0x00, 0x00,
  0x7c, 0x01, 0x00, 0x00, 0x04, 0x00, 0x00, 0x00, 0xff, 0xff, 0xff, 0xff,
  0x01, 0x00, 0x00, 0x00, 0x08, 0x00, 0x00, 0x00, 0x20, 0x00, 0x00, 0x00,
  0x04, 0xe3, 0xff, 0xff, 0x58, 0x01, 0x00, 0x00, 0x73, 0x65, 0x71, 0x75,
  0x65, 0x6e, 0x74, 0x69, 0x61, 0x6c, 0x5f, 0x31, 0x2f, 0x62, 0x61, 0x74,
  0x63, 0x68, 0x5f, 0x6e, 0x6f, 0x72, 0x6d, 0x61, 0x6c, 0x69, 0x7a, 0x61,
  0x74, 0x69, 0x6f, 0x6e, 0x5f, 0x32, 0x5f, 0x31, 0x2f, 0x62, 0x61, 0x74,
  0x63, 0x68, 0x6e, 0x6f, 0x72, 0x6d, 0x2f, 0x61, 0x64, 0x64, 0x5f, 0x31,
  0x3b, 0x73, 0x65, 0x71, 0x75, 0x65, 0x6e, 0x74, 0x69, 0x61, 0x6c, 0x5f,
  0x31, 0x2f, 0x63, 0x6f, 0x6e, 0x76, 0x31, 0x64, 0x5f, 0x32, 0x5f, 0x31,
  0x2f, 0x63, 0x6f, 0x6e, 0x76, 0x6f, 0x6c, 0x75, 0x74, 0x69, 0x6f, 0x6e,
  0x2f, 0x53, 0x71, 0x75, 0x65, 0x65, 0x7a, 0x65, 0x3b, 0x73, 0x65, 0x71,
  0x75, 0x65, 0x6e, 0x74, 0x69, 0x61, 0x6c, 0x5f, 0x31, 0x2f, 0x62, 0x61,
  0x74, 0x63, 0x68, 0x5f, 0x6e, 0x6f, 0x72, 0x6d, 0x61, 0x6c, 0x69, 0x7a,
  0x61, 0x74, 0x69, 0x6f, 0x6e, 0x5f, 0x32, 0x5f, 0x31, 0x2f, 0x62, 0x61,
  0x74, 0x63, 0x68, 0x6e, 0x6f, 0x72, 0x6d, 0x2f, 0x6d, 0x75, 0x6c, 0x5f,
  0x31, 0x3b, 0x73, 0x65, 0x71, 0x75, 0x65, 0x6e, 0x74, 0x69, 0x61, 0x6c,
  0x5f, 0x31, 0x2f, 0x63, 0x6f, 0x6e, 0x76, 0x31, 0x64, 0x5f, 0x32, 0x5f,
  0x31, 0x2f, 0x52, 0x65, 0x6c, 0x75, 0x3b, 0x73, 0x65, 0x71, 0x75, 0x65,
  0x6e, 0x74, 0x69, 0x61, 0x6c, 0x5f, 0x31, 0x2f, 0x63, 0x6f, 0x6e, 0x76,
  0x31, 0x64, 0x5f, 0x32, 0x5f, 0x31, 0x2f, 0x42, 0x69, 0x61, 0x73, 0x41,
  0x64, 0x64, 0x3b, 0x73, 0x65, 0x71, 0x75, 0x65, 0x6e, 0x74, 0x69, 0x61,
  0x6c, 0x5f, 0x31, 0x2f, 0x63, 0x6f, 0x6e, 0x76, 0x31, 0x64, 0x5f, 0x32,
  0x5f, 0x31, 0x2f, 0x53, 0x71, 0x75, 0x65, 0x65, 0x7a, 0x65, 0x3b, 0x73,
  0x65, 0x71, 0x75, 0x65, 0x6e, 0x74, 0x69, 0x61, 0x6c, 0x5f, 0x31, 0x2f,
  0x62, 0x61, 0x74, 0x63, 0x68, 0x5f, 0x6e, 0x6f, 0x72, 0x6d, 0x61, 0x6c,
  0x69, 0x7a, 0x61, 0x74, 0x69, 0x6f, 0x6e, 0x5f, 0x32, 0x5f, 0x31, 0x2f,
  0x62, 0x61, 0x74, 0x63, 0x68, 0x6e, 0x6f, 0x72, 0x6d, 0x2f, 0x6d, 0x75,
  0x6c, 0x3b, 0x73, 0x65, 0x71, 0x75, 0x65, 0x6e, 0x74, 0x69, 0x61, 0x6c,
  0x5f, 0x31, 0x2f, 0x62, 0x61, 0x74, 0x63, 0x68, 0x5f, 0x6e, 0x6f, 0x72,
  0x6d, 0x61, 0x6c, 0x69, 0x7a, 0x61, 0x74, 0x69, 0x6f, 0x6e, 0x5f, 0x32,
  0x5f, 0x31, 0x2f, 0x62, 0x61, 0x74, 0x63, 0x68, 0x6e, 0x6f, 0x72, 0x6d,
  0x2f, 0x73, 0x75, 0x62, 0x00, 0x00, 0x00, 0x00, 0x04, 0x00, 0x00, 0x00,
  0x01, 0x00, 0x00, 0x00, 0x01, 0x00, 0x00, 0x00, 0x08, 0x00, 0x00, 0x00,
  0x20, 0x00, 0x00, 0x00, 0x5a, 0xe5, 0xff, 0xff, 0x00, 0x00, 0x00, 0x01,
  0x14, 0x00, 0x00, 0x00, 0x24, 0x00, 0x00, 0x00, 0x24, 0x00, 0x00, 0x00,
  0x2b, 0x00, 0x00, 0x00, 0x14, 0x01, 0x00, 0x00, 0x04, 0x00, 0x00, 0x00,
  0xff, 0xff, 0xff, 0xff, 0x01, 0x00, 0x00, 0x00, 0x08, 0x00, 0x00, 0x00,
  0x20, 0x00, 0x00, 0x00, 0xac, 0xe4, 0xff, 0xff, 0xf0, 0x00, 0x00, 0x00,
  0x73, 0x65, 0x71, 0x75, 0x65, 0x6e, 0x74, 0x69, 0x61, 0x6c, 0x5f, 0x31,
  0x2f, 0x62, 0x61, 0x74, 0x63, 0x68, 0x5f, 0x6e, 0x6f, 0x72, 0x6d, 0x61,
  0x6c, 0x69, 0x7a, 0x61, 0x74, 0x69, 0x6f, 0x6e, 0x5f, 0x32, 0x5f, 0x31,
  0x2f, 0x62, 0x61, 0x74, 0x63, 0x68, 0x6e, 0x6f, 0x72, 0x6d, 0x2f, 0x6d,
  0x75, 0x6c, 0x5f, 0x31, 0x3b, 0x73, 0x65, 0x71, 0x75, 0x65, 0x6e, 0x74,
  0x69, 0x61, 0x6c, 0x5f, 0x31, 0x2f, 0x63, 0x6f, 0x6e, 0x76, 0x31, 0x64,
  0x5f, 0x32, 0x5f, 0x31, 0x2f, 0x63, 0x6f, 0x6e, 0x76, 0x6f, 0x6c, 0x75,
  0x74, 0x69, 0x6f, 0x6e, 0x2f, 0x53, 0x71, 0x75, 0x65, 0x65, 0x7a, 0x65,
  0x3b, 0x73, 0x65, 0x71, 0x75, 0x65, 0x6e, 0x74, 0x69, 0x61, 0x6c, 0x5f,
  0x31, 0x2f, 0x63, 0x6f, 0x6e, 0x76, 0x31, 0x64, 0x5f, 0x32, 0x5f, 0x31,
  0x2f, 0x52, 0x65, 0x6c, 0x75, 0x3b, 0x73, 0x65, 0x71, 0x75, 0x65, 0x6e,
  0x74, 0x69, 0x61, 0x6c, 0x5f, 0x31, 0x2f, 0x63, 0x6f, 0x6e, 0x76, 0x31,
  0x64, 0x5f, 0x32, 0x5f, 0x31, 0x2f, 0x42, 0x69, 0x61, 0x73, 0x41, 0x64,
  0x64, 0x3b, 0x73, 0x65, 0x71, 0x75, 0x65, 0x6e, 0x74, 0x69, 0x61, 0x6c,
  0x5f, 0x31, 0x2f, 0x63, 0x6f, 0x6e, 0x76, 0x31, 0x64, 0x5f, 0x32, 0x5f,
  0x31, 0x2f, 0x53, 0x71, 0x75, 0x65, 0x65, 0x7a, 0x65, 0x3b, 0x73, 0x65,
  0x71, 0x75, 0x65, 0x6e, 0x74, 0x69, 0x61, 0x6c, 0x5f, 0x31, 0x2f, 0x62,
  0x61, 0x74, 0x63, 0x68, 0x5f, 0x6e, 0x6f, 0x72, 0x6d, 0x61, 0x6c, 0x69,
  0x7a, 0x61, 0x74, 0x69, 0x6f, 0x6e, 0x5f, 0x32, 0x5f, 0x31, 0x2f, 0x62,
  0x61, 0x74, 0x63, 0x68, 0x6e, 0x6f, 0x72, 0x6d, 0x2f, 0x6d, 0x75, 0x6c,
  0x00, 0x00, 0x00, 0x00, 0x04, 0x00, 0x00, 0x00, 0x01, 0x00, 0x00, 0x00,
  0x01, 0x00, 0x00, 0x00, 0x08, 0x00, 0x00, 0x00, 0x20, 0x00, 0x00, 0x00,
  0x9a, 0xe6, 0xff, 0xff, 0x00, 0x00, 0x00, 0x01, 0x14, 0x00, 0x00, 0x00,
  0x24, 0x00, 0x00, 0x00, 0x24, 0x00, 0x00, 0x00, 0x2a, 0x00, 0x00, 0x00,
  0xd0, 0x00, 0x00, 0x00, 0x04, 0x00, 0x00, 0x00, 0xff, 0xff, 0xff, 0xff,
  0x01, 0x00, 0x00, 0x00, 0x08, 0x00, 0x00, 0x00, 0x20, 0x00, 0x00, 0x00,
  0xec, 0xe5, 0xff, 0xff, 0xad, 0x00, 0x00, 0x00, 0x73, 0x65, 0x71, 0x75,
  0x65, 0x6e, 0x74, 0x69, 0x61, 0x6c, 0x5f, 0x31, 0x2f, 0x63, 0x6f, 0x6e,
  0x76, 0x31, 0x64, 0x5f, 0x32, 0x5f, 0x31, 0x2f, 0x52, 0x65, 0x6c, 0x75,
  0x3b, 0x73, 0x65, 0x71, 0x75, 0x65, 0x6e, 0x74, 0x69, 0x61, 0x6c, 0x5f,
  0x31, 0x2f, 0x63, 0x6f, 0x6e, 0x76, 0x31, 0x64, 0x5f, 0x32, 0x5f, 0x31,
  0x2f, 0x42, 0x69, 0x61, 0x73, 0x41, 0x64, 0x64, 0x3b, 0x73, 0x65, 0x71,
  0x75, 0x65, 0x6e, 0x74, 0x69, 0x61, 0x6c, 0x5f, 0x31, 0x2f, 0x63, 0x6f,
  0x6e, 0x76, 0x31, 0x64, 0x5f, 0x32, 0x5f, 0x31, 0x2f, 0x63, 0x6f, 0x6e,
  0x76, 0x6f, 0x6c, 0x75, 0x74, 0x69, 0x6f, 0x6e, 0x2f, 0x53, 0x71, 0x75,
  0x65, 0x65, 0x7a, 0x65, 0x3b, 0x73, 0x65, 0x71, 0x75, 0x65, 0x6e, 0x74,
  0x69, 0x61, 0x6c, 0x5f, 0x31, 0x2f, 0x63, 0x6f, 0x6e, 0x76, 0x31, 0x64,
  0x5f, 0x32, 0x5f, 0x31, 0x2f, 0x53, 0x71, 0x75, 0x65, 0x65, 0x7a, 0x65,
  0x3b, 0x73, 0x65, 0x71, 0x75, 0x65, 0x6e, 0x74, 0x69, 0x61, 0x6c, 0x5f,
  0x31, 0x2f, 0x63, 0x6f, 0x6e, 0x76, 0x31, 0x64, 0x5f, 0x32, 0x5f, 0x31,
  0x2f, 0x63, 0x6f, 0x6e, 0x76, 0x6f, 0x6c, 0x75, 0x74, 0x69, 0x6f, 0x6e,
  0x31, 0x00, 0x00, 0x00, 0x04, 0x00, 0x00, 0x00, 0x01, 0x00, 0x00, 0x00,
  0x01, 0x00, 0x00, 0x00, 0x08, 0x00, 0x00, 0x00, 0x20, 0x00, 0x00, 0x00,
  0x96, 0xe7, 0xff, 0xff, 0x00, 0x00, 0x00, 0x01, 0x14, 0x00, 0x00, 0x00,
  0x24, 0x00, 0x00, 0x00, 0x24, 0x00, 0x00, 0x00, 0x29, 0x00, 0x00, 0x00,
  0x50, 0x00, 0x00, 0x00, 0x04, 0x00, 0x00, 0x00, 0xff, 0xff, 0xff, 0xff,
  0x01, 0x00, 0x00, 0x00, 0x08, 0x00, 0x00, 0x00, 0x10, 0x00, 0x00, 0x00,
  0xe8, 0xe6, 0xff, 0xff, 0x2e, 0x00, 0x00, 0x00, 0x73, 0x65, 0x71, 0x75,
  0x65, 0x6e, 0x74, 0x69, 0x61, 0x6c, 0x5f, 0x31, 0x2f, 0x63, 0x6f, 0x6e,
  0x76, 0x31, 0x64, 0x5f, 0x32, 0x5f, 0x31, 0x2f, 0x63, 0x6f, 0x6e, 0x76,
  0x6f, 0x6c, 0x75, 0x74, 0x69, 0x6f, 0x6e, 0x2f, 0x45, 0x78, 0x70, 0x61,
  0x6e, 0x64, 0x44, 0x69, 0x6d, 0x73, 0x00, 0x00, 0x04, 0x00, 0x00, 0x00,
  0x01, 0x00, 0x00, 0x00, 0x01, 0x00, 0x00, 0x00, 0x08, 0x00, 0x00, 0x00,
  0x10, 0x00, 0x00, 0x00, 0x12, 0xe8, 0xff, 0xff, 0x00, 0x00, 0x00, 0x01,
  0x14, 0x00, 0x00, 0x00, 0x20, 0x00, 0x00, 0x00, 0x20, 0x00, 0x00, 0x00,
  0x28, 0x00, 0x00, 0x00, 0x50, 0x00, 0x00, 0x00, 0x03, 0x00, 0x00, 0x00,
  0xff, 0xff, 0xff, 0xff, 0x08, 0x00, 0x00, 0x00, 0x10, 0x00, 0x00, 0x00,
  0x60, 0xe7, 0xff, 0xff, 0x31, 0x00, 0x00, 0x00, 0x73, 0x65, 0x71, 0x75,
  0x65, 0x6e, 0x74, 0x69, 0x61, 0x6c, 0x5f, 0x31, 0x2f, 0x6d, 0x61, 0x78,
  0x5f, 0x70, 0x6f, 0x6f, 0x6c, 0x69, 0x6e, 0x67, 0x31, 0x64, 0x5f, 0x31,
  0x5f, 0x32, 0x2f, 0x4d, 0x61, 0x78, 0x50, 0x6f, 0x6f, 0x6c, 0x31, 0x64,
  0x2f, 0x53, 0x71, 0x75, 0x65, 0x65, 0x7a, 0x65, 0x31, 0x00, 0x00, 0x00,
  0x03, 0x00, 0x00, 0x00, 0x01, 0x00, 0x00, 0x00, 0x08, 0x00, 0x00, 0x00,
  0x10, 0x00, 0x00, 0x00, 0x8a, 0xe8, 0xff, 0xff, 0x00, 0x00, 0x00, 0x01,
  0x14, 0x00, 0x00, 0x00, 0x24, 0x00, 0x00, 0x00, 0x24, 0x00, 0x00, 0x00,
  0x27, 0x00, 0x00, 0x00, 0x4c, 0x00, 0x00, 0x00, 0x04, 0x00, 0x00, 0x00,
  0xff, 0xff, 0xff, 0xff, 0x01, 0x00, 0x00, 0x00, 0x08, 0x00, 0x00, 0x00,
  0x10, 0x00, 0x00, 0x00, 0xdc, 0xe7, 0xff, 0xff, 0x28, 0x00, 0x00, 0x00,
  0x73, 0x65, 0x71, 0x75, 0x65, 0x6e, 0x74, 0x69, 0x61, 0x6c, 0x5f, 0x31,
  0x2f, 0x6d, 0x61, 0x78, 0x5f, 0x70, 0x6f, 0x6f, 0x6c, 0x69, 0x6e, 0x67,
  0x31, 0x64, 0x5f, 0x31, 0x5f, 0x32, 0x2f, 0x4d, 0x61, 0x78, 0x50, 0x6f,
  0x6f, 0x6c, 0x31, 0x64, 0x00, 0x00, 0x00, 0x00, 0x04, 0x00, 0x00, 0x00,
  0x01, 0x00, 0x00, 0x00, 0x01, 0x00, 0x00, 0x00, 0x08, 0x00, 0x00, 0x00,
  0x10, 0x00, 0x00, 0x00, 0x02, 0xe9, 0xff, 0xff, 0x00, 0x00, 0x00, 0x01,
  0x14, 0x00, 0x00, 0x00, 0x24, 0x00, 0x00, 0x00, 0x24, 0x00, 0x00, 0x00,
  0x26, 0x00, 0x00, 0x00, 0x54, 0x00, 0x00, 0x00, 0x04, 0x00, 0x00, 0x00,
  0xff, 0xff, 0xff, 0xff, 0x01, 0x00, 0x00, 0x00, 0x10, 0x00, 0x00, 0x00,
  0x10, 0x00, 0x00, 0x00, 0x54, 0xe8, 0xff, 0xff, 0x33, 0x00, 0x00, 0x00,
  0x73, 0x65, 0x71, 0x75, 0x65, 0x6e, 0x74, 0x69, 0x61, 0x6c, 0x5f, 0x31,
  0x2f, 0x6d, 0x61, 0x78, 0x5f, 0x70, 0x6f, 0x6f, 0x6c, 0x69, 0x6e, 0x67,
  0x31, 0x64, 0x5f, 0x31, 0x5f, 0x32, 0x2f, 0x4d, 0x61, 0x78, 0x50, 0x6f,
  0x6f, 0x6c, 0x31, 0x64, 0x2f, 0x45, 0x78, 0x70, 0x61, 0x6e, 0x64, 0x44,
  0x69, 0x6d, 0x73, 0x00, 0x04, 0x00, 0x00, 0x00, 0x01, 0x00, 0x00, 0x00,
  0x01, 0x00, 0x00, 0x00, 0x10, 0x00, 0x00, 0x00, 0x10, 0x00, 0x00, 0x00,
  0x82, 0xe9, 0xff, 0xff, 0x00, 0x00, 0x00, 0x01, 0x14, 0x00, 0x00, 0x00,
  0x20, 0x00, 0x00, 0x00, 0x20, 0x00, 0x00, 0x00, 0x25, 0x00, 0x00, 0x00,
  0x78, 0x01, 0x00, 0x00, 0x03, 0x00, 0x00, 0x00, 0xff, 0xff, 0xff, 0xff,
  0x10, 0x00, 0x00, 0x00, 0x10, 0x00, 0x00, 0x00, 0xd0, 0xe8, 0xff, 0xff,
  0x59, 0x01, 0x00, 0x00, 0x73, 0x65, 0x71, 0x75, 0x65, 0x6e, 0x74, 0x69,
  0x61, 0x6c, 0x5f, 0x31, 0x2f, 0x62, 0x61, 0x74, 0x63, 0x68, 0x5f, 0x6e,
  0x6f, 0x72, 0x6d, 0x61, 0x6c, 0x69, 0x7a, 0x61, 0x74, 0x69, 0x6f, 0x6e,
  0x5f, 0x31, 0x5f, 0x32, 0x2f, 0x62, 0x61, 0x74, 0x63, 0x68, 0x6e, 0x6f,
  0x72, 0x6d, 0x2f, 0x61, 0x64, 0x64, 0x5f, 0x31, 0x3b, 0x73, 0x65, 0x71,
  0x75, 0x65, 0x6e, 0x74, 0x69, 0x61, 0x6c, 0x5f, 0x31, 0x2f, 0x63, 0x6f,
  0x6e, 0x76, 0x31, 0x64, 0x5f, 0x31, 0x5f, 0x32, 0x2f, 0x63, 0x6f, 0x6e,
  0x76, 0x6f, 0x6c, 0x75, 0x74, 0x69, 0x6f, 0x6e, 0x2f, 0x53, 0x71, 0x75,
  0x65, 0x65, 0x7a, 0x65, 0x3b, 0x73, 0x65, 0x71, 0x75, 0x65, 0x6e, 0x74,
  0x69, 0x61, 0x6c, 0x5f, 0x31, 0x2f, 0x62, 0x61, 0x74, 0x63, 0x68, 0x5f,
  0x6e, 0x6f, 0x72, 0x6d, 0x61, 0x6c, 0x69, 0x7a, 0x61, 0x74, 0x69, 0x6f,
  0x6e, 0x5f, 0x31, 0x5f, 0x32, 0x2f, 0x62, 0x61, 0x74, 0x63, 0x68, 0x6e,
  0x6f, 0x72, 0x6d, 0x2f, 0x6d, 0x75, 0x6c, 0x5f, 0x31, 0x3b, 0x73, 0x65,
  0x71, 0x75, 0x65, 0x6e, 0x74, 0x69, 0x61, 0x6c, 0x5f, 0x31, 0x2f, 0x63,
  0x6f, 0x6e, 0x76, 0x31, 0x64, 0x5f, 0x31, 0x5f, 0x32, 0x2f, 0x52, 0x65,
  0x6c, 0x75, 0x3b, 0x73, 0x65, 0x71, 0x75, 0x65, 0x6e, 0x74, 0x69, 0x61,
  0x6c, 0x5f, 0x31, 0x2f, 0x63, 0x6f, 0x6e, 0x76, 0x31, 0x64, 0x5f, 0x31,
  0x5f, 0x32, 0x2f, 0x42, 0x69, 0x61, 0x73, 0x41, 0x64, 0x64, 0x3b, 0x73,
  0x65, 0x71, 0x75, 0x65, 0x6e, 0x74, 0x69, 0x61, 0x6c, 0x5f, 0x31, 0x2f,
  0x63, 0x6f, 0x6e, 0x76, 0x31, 0x64, 0x5f, 0x31, 0x5f, 0x32, 0x2f, 0x53,
  0x71, 0x75, 0x65, 0x65, 0x7a, 0x65, 0x3b, 0x73, 0x65, 0x71, 0x75, 0x65,
  0x6e, 0x74, 0x69, 0x61, 0x6c, 0x5f, 0x31, 0x2f, 0x62, 0x61, 0x74, 0x63,
  0x68, 0x5f, 0x6e, 0x6f, 0x72, 0x6d, 0x61, 0x6c, 0x69, 0x7a, 0x61, 0x74,
  0x69, 0x6f, 0x6e, 0x5f, 0x31, 0x5f, 0x32, 0x2f, 0x62, 0x61, 0x74, 0x63,
  0x68, 0x6e, 0x6f, 0x72, 0x6d, 0x2f, 0x6d, 0x75, 0x6c, 0x3b, 0x73, 0x65,
  0x71, 0x75, 0x65, 0x6e, 0x74, 0x69, 0x61, 0x6c, 0x5f, 0x31, 0x2f, 0x62,
  0x61, 0x74, 0x63, 0x68, 0x5f, 0x6e, 0x6f, 0x72, 0x6d, 0x61, 0x6c, 0x69,
  0x7a, 0x61, 0x74, 0x69, 0x6f, 0x6e, 0x5f, 0x31, 0x5f, 0x32, 0x2f, 0x62,
  0x61, 0x74, 0x63, 0x68, 0x6e, 0x6f, 0x72, 0x6d, 0x2f, 0x73, 0x75, 0x62,
  0x31, 0x00, 0x00, 0x00, 0x03, 0x00, 0x00, 0x00, 0x01, 0x00, 0x00, 0x00,
  0x10, 0x00, 0x00, 0x00, 0x10, 0x00, 0x00, 0x00, 0x22, 0xeb, 0xff, 0xff,
  0x00, 0x00, 0x00, 0x01, 0x14, 0x00, 0x00, 0x00, 0x24, 0x00, 0x00, 0x00,
  0x24, 0x00, 0x00, 0x00, 0x24, 0x00, 0x00, 0x00, 0x7c, 0x01, 0x00, 0x00,
  0x04, 0x00, 0x00, 0x00, 0xff, 0xff, 0xff, 0xff, 0x01, 0x00, 0x00, 0x00,
  0x10, 0x00, 0x00, 0x00, 0x10, 0x00, 0x00, 0x00, 0x74, 0xea, 0xff, 0xff,
  0x58, 0x01, 0x00, 0x00, 0x73, 0x65, 0x71, 0x75, 0x65, 0x6e, 0x74, 0x69,
  0x61, 0x6c, 0x5f, 0x31, 0x2f, 0x62, 0x61, 0x74, 0x63, 0x68, 0x5f, 0x6e,
  0x6f, 0x72, 0x6d, 0x61, 0x6c, 0x69, 0x7a, 0x61, 0x74, 0x69, 0x6f, 0x6e,
  0x5f, 0x31, 0x5f, 0x32, 0x2f, 0x62, 0x61, 0x74, 0x63, 0x68, 0x6e, 0x6f,
  0x72, 0x6d, 0x2f, 0x61, 0x64, 0x64, 0x5f, 0x31, 0x3b, 0x73, 0x65, 0x71,
  0x75, 0x65, 0x6e, 0x74, 0x69, 0x61, 0x6c, 0x5f, 0x31, 0x2f, 0x63, 0x6f,
  0x6e, 0x76, 0x31, 0x64, 0x5f, 0x31, 0x5f, 0x32, 0x2f, 0x63, 0x6f, 0x6e,
  0x76, 0x6f, 0x6c, 0x75, 0x74, 0x69, 0x6f, 0x6e, 0x2f, 0x53, 0x71, 0x75,
  0x65, 0x65, 0x7a, 0x65, 0x3b, 0x73, 0x65, 0x71, 0x75, 0x65, 0x6e, 0x74,
  0x69, 0x61, 0x6c, 0x5f, 0x31, 0x2f, 0x62, 0x61, 0x74, 0x63, 0x68, 0x5f,
  0x6e, 0x6f, 0x72, 0x6d, 0x61, 0x6c, 0x69, 0x7a, 0x61, 0x74, 0x69, 0x6f,
  0x6e, 0x5f, 0x31, 0x5f, 0x32, 0x2f, 0x62, 0x61, 0x74, 0x63, 0x68, 0x6e,
  0x6f, 0x72, 0x6d, 0x2f, 0x6d, 0x75, 0x6c, 0x5f, 0x31, 0x3b, 0x73, 0x65,
  0x71, 0x75, 0x65, 0x6e, 0x74, 0x69, 0x61, 0x6c, 0x5f, 0x31, 0x2f, 0x63,
  0x6f, 0x6e, 0x76, 0x31, 0x64, 0x5f, 0x31, 0x5f, 0x32, 0x2f, 0x52, 0x65,
  0x6c, 0x75, 0x3b, 0x73, 0x65, 0x71, 0x75, 0x65, 0x6e, 0x74, 0x69, 0x61,
  0x6c, 0x5f, 0x31, 0x2f, 0x63, 0x6f, 0x6e, 0x76, 0x31, 0x64, 0x5f, 0x31,
  0x5f, 0x32, 0x2f, 0x42, 0x69, 0x61, 0x73, 0x41, 0x64, 0x64, 0x3b, 0x73,
  0x65, 0x71, 0x75, 0x65, 0x6e, 0x74, 0x69, 0x61, 0x6c, 0x5f, 0x31, 0x2f,
  0x63, 0x6f, 0x6e, 0x76, 0x31, 0x64, 0x5f, 0x31, 0x5f, 0x32, 0x2f, 0x53,
  0x71, 0x75, 0x65, 0x65, 0x7a, 0x65, 0x3b, 0x73, 0x65, 0x71, 0x75, 0x65,
  0x6e, 0x74, 0x69, 0x61, 0x6c, 0x5f, 0x31, 0x2f, 0x62, 0x61, 0x74, 0x63,
  0x68, 0x5f, 0x6e, 0x6f, 0x72, 0x6d, 0x61, 0x6c, 0x69, 0x7a, 0x61, 0x74,
  0x69, 0x6f, 0x6e, 0x5f, 0x31, 0x5f, 0x32, 0x2f, 0x62, 0x61, 0x74, 0x63,
  0x68, 0x6e, 0x6f, 0x72, 0x6d, 0x2f, 0x6d, 0x75, 0x6c, 0x3b, 0x73, 0x65,
  0x71, 0x75, 0x65, 0x6e, 0x74, 0x69, 0x61, 0x6c, 0x5f, 0x31, 0x2f, 0x62,
  0x61, 0x74, 0x63, 0x68, 0x5f, 0x6e, 0x6f, 0x72, 0x6d, 0x61, 0x6c, 0x69,
  0x7a, 0x61, 0x74, 0x69, 0x6f, 0x6e, 0x5f, 0x31, 0x5f, 0x32, 0x2f, 0x62,
  0x61, 0x74, 0x63, 0x68, 0x6e, 0x6f, 0x72, 0x6d, 0x2f, 0x73, 0x75, 0x62,
  0x00, 0x00, 0x00, 0x00, 0x04, 0x00, 0x00, 0x00, 0x01, 0x00, 0x00, 0x00,
  0x01, 0x00, 0x00, 0x00, 0x10, 0x00, 0x00, 0x00, 0x10, 0x00, 0x00, 0x00,
  0xca, 0xec, 0xff, 0xff, 0x00, 0x00, 0x00, 0x01, 0x14, 0x00, 0x00, 0x00,
  0x24, 0x00, 0x00, 0x00, 0x24, 0x00, 0x00, 0x00, 0x23, 0x00, 0x00, 0x00,
  0x14, 0x01, 0x00, 0x00, 0x04, 0x00, 0x00, 0x00, 0xff, 0xff, 0xff, 0xff,
  0x01, 0x00, 0x00, 0x00, 0x10, 0x00, 0x00, 0x00, 0x10, 0x00, 0x00, 0x00,
  0x1c, 0xec, 0xff, 0xff, 0xf0, 0x00, 0x00, 0x00, 0x73, 0x65, 0x71, 0x75,
  0x65, 0x6e, 0x74, 0x69, 0x61, 0x6c, 0x5f, 0x31, 0x2f, 0x62, 0x61, 0x74,
  0x63, 0x68, 0x5f, 0x6e, 0x6f, 0x72, 0x6d, 0x61, 0x6c, 0x69, 0x7a, 0x61,
  0x74, 0x69, 0x6f, 0x6e, 0x5f, 0x31, 0x5f, 0x32, 0x2f, 0x62, 0x61, 0x74,
  0x63, 0x68, 0x6e, 0x6f, 0x72, 0x6d, 0x2f, 0x6d, 0x75, 0x6c, 0x5f, 0x31,
  0x3b, 0x73, 0x65, 0x71, 0x75, 0x65, 0x6e, 0x74, 0x69, 0x61, 0x6c, 0x5f,
  0x31, 0x2f, 0x63, 0x6f, 0x6e, 0x76, 0x31, 0x64, 0x5f, 0x31, 0x5f, 0x32,
  0x2f, 0x63, 0x6f, 0x6e, 0x76, 0x6f, 0x6c, 0x75, 0x74, 0x69, 0x6f, 0x6e,
  0x2f, 0x53, 0x71, 0x75, 0x65, 0x65, 0x7a, 0x65, 0x3b, 0x73, 0x65, 0x71,
  0x75, 0x65, 0x6e, 0x74, 0x69, 0x61, 0x6c, 0x5f, 0x31, 0x2f, 0x63, 0x6f,
  0x6e, 0x76, 0x31, 0x64, 0x5f, 0x31, 0x5f, 0x32, 0x2f, 0x52, 0x65, 0x6c,
  0x75, 0x3b, 0x73, 0x65, 0x71, 0x75, 0x65, 0x6e, 0x74, 0x69, 0x61, 0x6c,
  0x5f, 0x31, 0x2f, 0x63, 0x6f, 0x6e, 0x76, 0x31, 0x64, 0x5f, 0x31, 0x5f,
  0x32, 0x2f, 0x42, 0x69, 0x61, 0x73, 0x41, 0x64, 0x64, 0x3b, 0x73, 0x65,
  0x71, 0x75, 0x65, 0x6e, 0x74, 0x69, 0x61, 0x6c, 0x5f, 0x31, 0x2f, 0x63,
  0x6f, 0x6e, 0x76, 0x31, 0x64, 0x5f, 0x31, 0x5f, 0x32, 0x2f, 0x53, 0x71,
  0x75, 0x65, 0x65, 0x7a, 0x65, 0x3b, 0x73, 0x65, 0x71, 0x75, 0x65, 0x6e,
  0x74, 0x69, 0x61, 0x6c, 0x5f, 0x31, 0x2f, 0x62, 0x61, 0x74, 0x63, 0x68,
  0x5f, 0x6e, 0x6f, 0x72, 0x6d, 0x61, 0x6c, 0x69, 0x7a, 0x61, 0x74, 0x69,
  0x6f, 0x6e, 0x5f, 0x31, 0x5f, 0x32, 0x2f, 0x62, 0x61, 0x74, 0x63, 0x68,
  0x6e, 0x6f, 0x72, 0x6d, 0x2f, 0x6d, 0x75, 0x6c, 0x00, 0x00, 0x00, 0x00,
  0x04, 0x00, 0x00, 0x00, 0x01, 0x00, 0x00, 0x00, 0x01, 0x00, 0x00, 0x00,
  0x10, 0x00, 0x00, 0x00, 0x10, 0x00, 0x00, 0x00, 0x0a, 0xee, 0xff, 0xff,
  0x00, 0x00, 0x00, 0x01, 0x14, 0x00, 0x00, 0x00, 0x24, 0x00, 0x00, 0x00,
  0x24, 0x00, 0x00, 0x00, 0x22, 0x00, 0x00, 0x00, 0xd0, 0x00, 0x00, 0x00,
  0x04, 0x00, 0x00, 0x00, 0xff, 0xff, 0xff, 0xff, 0x01, 0x00, 0x00, 0x00,
  0x10, 0x00, 0x00, 0x00, 0x10, 0x00, 0x00, 0x00, 0x5c, 0xed, 0xff, 0xff,
  0xad, 0x00, 0x00, 0x00, 0x73, 0x65, 0x71, 0x75, 0x65, 0x6e, 0x74, 0x69,
  0x61, 0x6c, 0x5f, 0x31, 0x2f, 0x63, 0x6f, 0x6e, 0x76, 0x31, 0x64, 0x5f,
  0x31, 0x5f, 0x32, 0x2f, 0x52, 0x65, 0x6c, 0x75, 0x3b, 0x73, 0x65, 0x71,
  0x75, 0x65, 0x6e, 0x74, 0x69, 0x61, 0x6c, 0x5f, 0x31, 0x2f, 0x63, 0x6f,
  0x6e, 0x76, 0x31, 0x64, 0x5f, 0x31, 0x5f, 0x32, 0x2f, 0x42, 0x69, 0x61,
  0x73, 0x41, 0x64, 0x64, 0x3b, 0x73, 0x65, 0x71, 0x75, 0x65, 0x6e, 0x74,
  0x69, 0x61, 0x6c, 0x5f, 0x31, 0x2f, 0x63, 0x6f, 0x6e, 0x76, 0x31, 0x64,
  0x5f, 0x31, 0x5f, 0x32, 0x2f, 0x63, 0x6f, 0x6e, 0x76, 0x6f, 0x6c, 0x75,
  0x74, 0x69, 0x6f, 0x6e, 0x2f, 0x53, 0x71, 0x75, 0x65, 0x65, 0x7a, 0x65,
  0x3b, 0x73, 0x65, 0x71, 0x75, 0x65, 0x6e, 0x74, 0x69, 0x61, 0x6c, 0x5f,
  0x31, 0x2f, 0x63, 0x6f, 0x6e, 0x76, 0x31, 0x64, 0x5f, 0x31, 0x5f, 0x32,
  0x2f, 0x53, 0x71, 0x75, 0x65, 0x65, 0x7a, 0x65, 0x3b, 0x73, 0x65, 0x71,
  0x75, 0x65, 0x6e, 0x74, 0x69, 0x61, 0x6c, 0x5f, 0x31, 0x2f, 0x63, 0x6f,
  0x6e, 0x76, 0x31, 0x64, 0x5f, 0x31, 0x5f, 0x32, 0x2f, 0x63, 0x6f, 0x6e,
  0x76, 0x6f, 0x6c, 0x75, 0x74, 0x69, 0x6f, 0x6e, 0x31, 0x00, 0x00, 0x00,
  0x04, 0x00, 0x00, 0x00, 0x01, 0x00, 0x00, 0x00, 0x01, 0x00, 0x00, 0x00,
  0x10, 0x00, 0x00, 0x00, 0x10, 0x00, 0x00, 0x00, 0x06, 0xef, 0xff, 0xff,
  0x00, 0x00, 0x00, 0x01, 0x14, 0x00, 0x00, 0x00, 0x24, 0x00, 0x00, 0x00,
  0x24, 0x00, 0x00, 0x00, 0x21, 0x00, 0x00, 0x00, 0x50, 0x00, 0x00, 0x00,
  0x04, 0x00, 0x00, 0x00, 0xff, 0xff, 0xff, 0xff, 0x01, 0x00, 0x00, 0x00,
  0x10, 0x00, 0x00, 0x00, 0x08, 0x00, 0x00, 0x00, 0x58, 0xee, 0xff, 0xff,
  0x2e, 0x00, 0x00, 0x00, 0x73, 0x65, 0x71, 0x75, 0x65, 0x6e, 0x74, 0x69,
  0x61, 0x6c, 0x5f, 0x31, 0x2f, 0x63, 0x6f, 0x6e, 0x76, 0x31, 0x64, 0x5f,
  0x31, 0x5f, 0x32, 0x2f, 0x63, 0x6f, 0x6e, 0x76, 0x6f, 0x6c, 0x75, 0x74,
  0x69, 0x6f, 0x6e, 0x2f, 0x45, 0x78, 0x70, 0x61, 0x6e, 0x64, 0x44, 0x69,
  0x6d, 0x73, 0x00, 0x00, 0x04, 0x00, 0x00, 0x00, 0x01, 0x00, 0x00, 0x00,
  0x01, 0x00, 0x00, 0x00, 0x10, 0x00, 0x00, 0x00, 0x08, 0x00, 0x00, 0x00,
  0x82, 0xef, 0xff, 0xff, 0x00, 0x00, 0x00, 0x01, 0x14, 0x00, 0x00, 0x00,
  0x20, 0x00, 0x00, 0x00, 0x20, 0x00, 0x00, 0x00, 0x20, 0x00, 0x00, 0x00,
  0x4c, 0x00, 0x00, 0x00, 0x03, 0x00, 0x00, 0x00, 0xff, 0xff, 0xff, 0xff,
  0x10, 0x00, 0x00, 0x00, 0x08, 0x00, 0x00, 0x00, 0xd0, 0xee, 0xff, 0xff,
  0x2f, 0x00, 0x00, 0x00, 0x73, 0x65, 0x71, 0x75, 0x65, 0x6e, 0x74, 0x69,
  0x61, 0x6c, 0x5f, 0x31, 0x2f, 0x6d, 0x61, 0x78, 0x5f, 0x70, 0x6f, 0x6f,
  0x6c, 0x69, 0x6e, 0x67, 0x31, 0x64, 0x5f, 0x31, 0x2f, 0x4d, 0x61, 0x78,
  0x50, 0x6f, 0x6f, 0x6c, 0x31, 0x64, 0x2f, 0x53, 0x71, 0x75, 0x65, 0x65,
  0x7a, 0x65, 0x31, 0x00, 0x03, 0x00, 0x00, 0x00, 0x01, 0x00, 0x00, 0x00,
  0x10, 0x00, 0x00, 0x00, 0x08, 0x00, 0x00, 0x00, 0xf6, 0xef, 0xff, 0xff,
  0x00, 0x00, 0x00, 0x01, 0x14, 0x00, 0x00, 0x00, 0x24, 0x00, 0x00, 0x00,
  0x24, 0x00, 0x00, 0x00, 0x1f, 0x00, 0x00, 0x00, 0x48, 0x00, 0x00, 0x00,
  0x04, 0x00, 0x00, 0x00, 0xff, 0xff, 0xff, 0xff, 0x01, 0x00, 0x00, 0x00,
  0x10, 0x00, 0x00, 0x00, 0x08, 0x00, 0x00, 0x00, 0x48, 0xef, 0xff, 0xff,
  0x26, 0x00, 0x00, 0x00, 0x73, 0x65, 0x71, 0x75, 0x65, 0x6e, 0x74, 0x69,
  0x61, 0x6c, 0x5f, 0x31, 0x2f, 0x6d, 0x61, 0x78, 0x5f, 0x70, 0x6f, 0x6f,
  0x6c, 0x69, 0x6e, 0x67, 0x31, 0x64, 0x5f, 0x31, 0x2f, 0x4d, 0x61, 0x78,
  0x50, 0x6f, 0x6f, 0x6c, 0x31, 0x64, 0x00, 0x00, 0x04, 0x00, 0x00, 0x00,
  0x01, 0x00, 0x00, 0x00, 0x01, 0x00, 0x00, 0x00, 0x10, 0x00, 0x00, 0x00,
  0x08, 0x00, 0x00, 0x00, 0x6a, 0xf0, 0xff, 0xff, 0x00, 0x00, 0x00, 0x01,
  0x14, 0x00, 0x00, 0x00, 0x24, 0x00, 0x00, 0x00, 0x24, 0x00, 0x00, 0x00,
  0x1e, 0x00, 0x00, 0x00, 0x54, 0x00, 0x00, 0x00, 0x04, 0x00, 0x00, 0x00,
  0xff, 0xff, 0xff, 0xff, 0x01, 0x00, 0x00, 0x00, 0x20, 0x00, 0x00, 0x00,
  0x08, 0x00, 0x00, 0x00, 0xbc, 0xef, 0xff, 0xff, 0x31, 0x00, 0x00, 0x00,
  0x73, 0x65, 0x71, 0x75, 0x65, 0x6e, 0x74, 0x69, 0x61, 0x6c, 0x5f, 0x31,
  0x2f, 0x6d, 0x61, 0x78, 0x5f, 0x70, 0x6f, 0x6f, 0x6c, 0x69, 0x6e, 0x67,
  0x31, 0x64, 0x5f, 0x31, 0x2f, 0x4d, 0x61, 0x78, 0x50, 0x6f, 0x6f, 0x6c,
  0x31, 0x64, 0x2f, 0x45, 0x78, 0x70, 0x61, 0x6e, 0x64, 0x44, 0x69, 0x6d,
  0x73, 0x00, 0x00, 0x00, 0x04, 0x00, 0x00, 0x00, 0x01, 0x00, 0x00, 0x00,
  0x01, 0x00, 0x00, 0x00, 0x20, 0x00, 0x00, 0x00, 0x08, 0x00, 0x00, 0x00,
  0xea, 0xf0, 0xff, 0xff, 0x00, 0x00, 0x00, 0x01, 0x14, 0x00, 0x00, 0x00,
  0x20, 0x00, 0x00, 0x00, 0x20, 0x00, 0x00, 0x00, 0x1d, 0x00, 0x00, 0x00,
  0x68, 0x01, 0x00, 0x00, 0x03, 0x00, 0x00, 0x00, 0xff, 0xff, 0xff, 0xff,
  0x20, 0x00, 0x00, 0x00, 0x08, 0x00, 0x00, 0x00, 0x38, 0xf0, 0xff, 0xff,
  0x49, 0x01, 0x00, 0x00, 0x73, 0x65, 0x71, 0x75, 0x65, 0x6e, 0x74, 0x69,
  0x61, 0x6c, 0x5f, 0x31, 0x2f, 0x62, 0x61, 0x74, 0x63, 0x68, 0x5f, 0x6e,
  0x6f, 0x72, 0x6d, 0x61, 0x6c, 0x69, 0x7a, 0x61, 0x74, 0x69, 0x6f, 0x6e,
  0x5f, 0x31, 0x2f, 0x62, 0x61, 0x74, 0x63, 0x68, 0x6e, 0x6f, 0x72, 0x6d,
  0x2f, 0x61, 0x64, 0x64, 0x5f, 0x31, 0x3b, 0x73, 0x65, 0x71, 0x75, 0x65,
  0x6e, 0x74, 0x69, 0x61, 0x6c, 0x5f, 0x31, 0x2f, 0x63, 0x6f, 0x6e, 0x76,
  0x31, 0x64, 0x5f, 0x31, 0x2f, 0x63, 0x6f, 0x6e, 0x76, 0x6f, 0x6c, 0x75,
  0x74, 0x69, 0x6f, 0x6e, 0x2f, 0x53, 0x71, 0x75, 0x65, 0x65, 0x7a, 0x65,
  0x3b, 0x73, 0x65, 0x71, 0x75, 0x65, 0x6e, 0x74, 0x69, 0x61, 0x6c, 0x5f,
  0x31, 0x2f, 0x62, 0x61, 0x74, 0x63, 0x68, 0x5f, 0x6e, 0x6f, 0x72, 0x6d,
  0x61, 0x6c, 0x69, 0x7a, 0x61, 0x74, 0x69, 0x6f, 0x6e, 0x5f, 0x31, 0x2f,
  0x62, 0x61, 0x74, 0x63, 0x68, 0x6e, 0x6f, 0x72, 0x6d, 0x2f, 0x6d, 0x75,
  0x6c, 0x5f, 0x31, 0x3b, 0x73, 0x65, 0x71, 0x75, 0x65, 0x6e, 0x74, 0x69,
  0x61, 0x6c, 0x5f, 0x31, 0x2f, 0x63, 0x6f, 0x6e, 0x76, 0x31, 0x64, 0x5f,
  0x31, 0x2f, 0x52, 0x65, 0x6c, 0x75, 0x3b, 0x73, 0x65, 0x71, 0x75, 0x65,
  0x6e, 0x74, 0x69, 0x61, 0x6c, 0x5f, 0x31, 0x2f, 0x63, 0x6f, 0x6e, 0x76,
  0x31, 0x64, 0x5f, 0x31, 0x2f, 0x42, 0x69, 0x61, 0x73, 0x41, 0x64, 0x64,
  0x3b, 0x73, 0x65, 0x71, 0x75, 0x65, 0x6e, 0x74, 0x69, 0x61, 0x6c, 0x5f,
  0x31, 0x2f, 0x63, 0x6f, 0x6e, 0x76, 0x31, 0x64, 0x5f, 0x31, 0x2f, 0x53,
  0x71, 0x75, 0x65, 0x65, 0x7a, 0x65, 0x3b, 0x73, 0x65, 0x71, 0x75, 0x65,
  0x6e, 0x74, 0x69, 0x61, 0x6c, 0x5f, 0x31, 0x2f, 0x62, 0x61, 0x74, 0x63,
  0x68, 0x5f, 0x6e, 0x6f, 0x72, 0x6d, 0x61, 0x6c, 0x69, 0x7a, 0x61, 0x74,
  0x69, 0x6f, 0x6e, 0x5f, 0x31, 0x2f, 0x62, 0x61, 0x74, 0x63, 0x68, 0x6e,
  0x6f, 0x72, 0x6d, 0x2f, 0x6d, 0x75, 0x6c, 0x3b, 0x73, 0x65, 0x71, 0x75,
  0x65, 0x6e, 0x74, 0x69, 0x61, 0x6c, 0x5f, 0x31, 0x2f, 0x62, 0x61, 0x74,
  0x63, 0x68, 0x5f, 0x6e, 0x6f, 0x72, 0x6d, 0x61, 0x6c, 0x69, 0x7a, 0x61,
  0x74, 0x69, 0x6f, 0x6e, 0x5f, 0x31, 0x2f, 0x62, 0x61, 0x74, 0x63, 0x68,
  0x6e, 0x6f, 0x72, 0x6d, 0x2f, 0x73, 0x75, 0x62, 0x31, 0x00, 0x00, 0x00,
  0x03, 0x00, 0x00, 0x00, 0x01, 0x00, 0x00, 0x00, 0x20, 0x00, 0x00, 0x00,
  0x08, 0x00, 0x00, 0x00, 0x7a, 0xf2, 0xff, 0xff, 0x00, 0x00, 0x00, 0x01,
  0x14, 0x00, 0x00, 0x00, 0x24, 0x00, 0x00, 0x00, 0x24, 0x00, 0x00, 0x00,
  0x1c, 0x00, 0x00, 0x00, 0x6c, 0x01, 0x00, 0x00, 0x04, 0x00, 0x00, 0x00,
  0xff, 0xff, 0xff, 0xff, 0x01, 0x00, 0x00, 0x00, 0x20, 0x00, 0x00, 0x00,
  0x08, 0x00, 0x00, 0x00, 0xcc, 0xf1, 0xff, 0xff, 0x48, 0x01, 0x00, 0x00,
  0x73, 0x65, 0x71, 0x75, 0x65, 0x6e, 0x74, 0x69, 0x61, 0x6c, 0x5f, 0x31,
  0x2f, 0x62, 0x61, 0x74, 0x63, 0x68, 0x5f, 0x6e, 0x6f, 0x72, 0x6d, 0x61,
  0x6c, 0x69, 0x7a, 0x61, 0x74, 0x69, 0x6f, 0x6e, 0x5f, 0x31, 0x2f, 0x62,
  0x61, 0x74, 0x63, 0x68, 0x6e, 0x6f, 0x72, 0x6d, 0x2f, 0x61, 0x64, 0x64,
  0x5f, 0x31, 0x3b, 0x73, 0x65, 0x71, 0x75, 0x65, 0x6e, 0x74, 0x69, 0x61,
  0x6c, 0x5f, 0x31, 0x2f, 0x63, 0x6f, 0x6e, 0x76, 0x31, 0x64, 0x5f, 0x31,
  0x2f, 0x63, 0x6f, 0x6e, 0x76, 0x6f, 0x6c, 0x75, 0x74, 0x69, 0x6f, 0x6e,
  0x2f, 0x53, 0x71, 0x75, 0x65, 0x65, 0x7a, 0x65, 0x3b, 0x73, 0x65, 0x71,
  0x75, 0x65, 0x6e, 0x74, 0x69, 0x61, 0x6c, 0x5f, 0x31, 0x2f, 0x62, 0x61,
  0x74, 0x63, 0x68, 0x5f, 0x6e, 0x6f, 0x72, 0x6d, 0x61, 0x6c, 0x69, 0x7a,
  0x61, 0x74, 0x69, 0x6f, 0x6e, 0x5f, 0x31, 0x2f, 0x62, 0x61, 0x74, 0x63,
  0x68, 0x6e, 0x6f, 0x72, 0x6d, 0x2f, 0x6d, 0x75, 0x6c, 0x5f, 0x31, 0x3b,
  0x73, 0x65, 0x71, 0x75, 0x65, 0x6e, 0x74, 0x69, 0x61, 0x6c, 0x5f, 0x31,
  0x2f, 0x63, 0x6f, 0x6e, 0x76, 0x31, 0x64, 0x5f, 0x31, 0x2f, 0x52, 0x65,
  0x6c, 0x75, 0x3b, 0x73, 0x65, 0x71, 0x75, 0x65, 0x6e, 0x74, 0x69, 0x61,
  0x6c, 0x5f, 0x31, 0x2f, 0x63, 0x6f, 0x6e, 0x76, 0x31, 0x64, 0x5f, 0x31,
  0x2f, 0x42, 0x69, 0x61, 0x73, 0x41, 0x64, 0x64, 0x3b, 0x73, 0x65, 0x71,
  0x75, 0x65, 0x6e, 0x74, 0x69, 0x61, 0x6c, 0x5f, 0x31, 0x2f, 0x63, 0x6f,
  0x6e, 0x76, 0x31, 0x64, 0x5f, 0x31, 0x2f, 0x53, 0x71, 0x75, 0x65, 0x65,
  0x7a, 0x65, 0x3b, 0x73, 0x65, 0x71, 0x75, 0x65, 0x6e, 0x74, 0x69, 0x61,
  0x6c, 0x5f, 0x31, 0x2f, 0x62, 0x61, 0x74, 0x63, 0x68, 0x5f, 0x6e, 0x6f,
  0x72, 0x6d, 0x61, 0x6c, 0x69, 0x7a, 0x61, 0x74, 0x69, 0x6f, 0x6e, 0x5f,
  0x31, 0x2f, 0x62, 0x61, 0x74, 0x63, 0x68, 0x6e, 0x6f, 0x72, 0x6d, 0x2f,
  0x6d, 0x75, 0x6c, 0x3b, 0x73, 0x65, 0x71, 0x75, 0x65, 0x6e, 0x74, 0x69,
  0x61, 0x6c, 0x5f, 0x31, 0x2f, 0x62, 0x61, 0x74, 0x63, 0x68, 0x5f, 0x6e,
  0x6f, 0x72, 0x6d, 0x61, 0x6c, 0x69, 0x7a, 0x61, 0x74, 0x69, 0x6f, 0x6e,
  0x5f, 0x31, 0x2f, 0x62, 0x61, 0x74, 0x63, 0x68, 0x6e, 0x6f, 0x72, 0x6d,
  0x2f, 0x73, 0x75, 0x62, 0x00, 0x00, 0x00, 0x00, 0x04, 0x00, 0x00, 0x00,
  0x01, 0x00, 0x00, 0x00, 0x01, 0x00, 0x00, 0x00, 0x20, 0x00, 0x00, 0x00,
  0x08, 0x00, 0x00, 0x00, 0x12, 0xf4, 0xff, 0xff, 0x00, 0x00, 0x00, 0x01,
  0x14, 0x00, 0x00, 0x00, 0x24, 0x00, 0x00, 0x00, 0x24, 0x00, 0x00, 0x00,
  0x1b, 0x00, 0x00, 0x00, 0x08, 0x01, 0x00, 0x00, 0x04, 0x00, 0x00, 0x00,
  0xff, 0xff, 0xff, 0xff, 0x01, 0x00, 0x00, 0x00, 0x20, 0x00, 0x00, 0x00,
  0x08, 0x00, 0x00, 0x00, 0x64, 0xf3, 0xff, 0xff, 0xe4, 0x00, 0x00, 0x00,
  0x73, 0x65, 0x71, 0x75, 0x65, 0x6e, 0x74, 0x69, 0x61, 0x6c, 0x5f, 0x31,
  0x2f, 0x62, 0x61, 0x74, 0x63, 0x68, 0x5f, 0x6e, 0x6f, 0x72, 0x6d, 0x61,
  0x6c, 0x69, 0x7a, 0x61, 0x74, 0x69, 0x6f, 0x6e, 0x5f, 0x31, 0x2f, 0x62,
  0x61, 0x74, 0x63, 0x68, 0x6e, 0x6f, 0x72, 0x6d, 0x2f, 0x6d, 0x75, 0x6c,
  0x5f, 0x31, 0x3b, 0x73, 0x65, 0x71, 0x75, 0x65, 0x6e, 0x74, 0x69, 0x61,
  0x6c, 0x5f, 0x31, 0x2f, 0x63, 0x6f, 0x6e, 0x76, 0x31, 0x64, 0x5f, 0x31,
  0x2f, 0x63, 0x6f, 0x6e, 0x76, 0x6f, 0x6c, 0x75, 0x74, 0x69, 0x6f, 0x6e,
  0x2f, 0x53, 0x71, 0x75, 0x65, 0x65, 0x7a, 0x65, 0x3b, 0x73, 0x65, 0x71,
  0x75, 0x65, 0x6e, 0x74, 0x69, 0x61, 0x6c, 0x5f, 0x31, 0x2f, 0x63, 0x6f,
  0x6e, 0x76, 0x31, 0x64, 0x5f, 0x31, 0x2f, 0x52, 0x65, 0x6c, 0x75, 0x3b,
  0x73, 0x65, 0x71, 0x75, 0x65, 0x6e, 0x74, 0x69, 0x61, 0x6c, 0x5f, 0x31,
  0x2f, 0x63, 0x6f, 0x6e, 0x76, 0x31, 0x64, 0x5f, 0x31, 0x2f, 0x42, 0x69,
  0x61, 0x73, 0x41, 0x64, 0x64, 0x3b, 0x73, 0x65, 0x71, 0x75, 0x65, 0x6e,
  0x74, 0x69, 0x61, 0x6c, 0x5f, 0x31, 0x2f, 0x63, 0x6f, 0x6e, 0x76, 0x31,
  0x64, 0x5f, 0x31, 0x2f, 0x53, 0x71, 0x75, 0x65, 0x65, 0x7a, 0x65, 0x3b,
  0x73, 0x65, 0x71, 0x75, 0x65, 0x6e, 0x74, 0x69, 0x61, 0x6c, 0x5f, 0x31,
  0x2f, 0x62, 0x61, 0x74, 0x63, 0x68, 0x5f, 0x6e, 0x6f, 0x72, 0x6d, 0x61,
  0x6c, 0x69, 0x7a, 0x61, 0x74, 0x69, 0x6f, 0x6e, 0x5f, 0x31, 0x2f, 0x62,
  0x61, 0x74, 0x63, 0x68, 0x6e, 0x6f, 0x72, 0x6d, 0x2f, 0x6d, 0x75, 0x6c,
  0x00, 0x00, 0x00, 0x00, 0x04, 0x00, 0x00, 0x00, 0x01, 0x00, 0x00, 0x00,
  0x01, 0x00, 0x00, 0x00, 0x20, 0x00, 0x00, 0x00, 0x08, 0x00, 0x00, 0x00,
  0x46, 0xf5, 0xff, 0xff, 0x00, 0x00, 0x00, 0x01, 0x14, 0x00, 0x00, 0x00,
  0x24, 0x00, 0x00, 0x00, 0x24, 0x00, 0x00, 0x00, 0x1a, 0x00, 0x00, 0x00,
  0xc4, 0x00, 0x00, 0x00, 0x04, 0x00, 0x00, 0x00, 0xff, 0xff, 0xff, 0xff,
  0x01, 0x00, 0x00, 0x00, 0x20, 0x00, 0x00, 0x00, 0x08, 0x00, 0x00, 0x00,
  0x98, 0xf4, 0xff, 0xff, 0xa3, 0x00, 0x00, 0x00, 0x73, 0x65, 0x71, 0x75,
  0x65, 0x6e, 0x74, 0x69, 0x61, 0x6c, 0x5f, 0x31, 0x2f, 0x63, 0x6f, 0x6e,
  0x76, 0x31, 0x64, 0x5f, 0x31, 0x2f, 0x52, 0x65, 0x6c, 0x75, 0x3b, 0x73,
  0x65, 0x71, 0x75, 0x65, 0x6e, 0x74, 0x69, 0x61, 0x6c, 0x5f, 0x31, 0x2f,
  0x63, 0x6f, 0x6e, 0x76, 0x31, 0x64, 0x5f, 0x31, 0x2f, 0x42, 0x69, 0x61,
  0x73, 0x41, 0x64, 0x64, 0x3b, 0x73, 0x65, 0x71, 0x75, 0x65, 0x6e, 0x74,
  0x69, 0x61, 0x6c, 0x5f, 0x31, 0x2f, 0x63, 0x6f, 0x6e, 0x76, 0x31, 0x64,
  0x5f, 0x31, 0x2f, 0x63, 0x6f, 0x6e, 0x76, 0x6f, 0x6c, 0x75, 0x74, 0x69,
  0x6f, 0x6e, 0x2f, 0x53, 0x71, 0x75, 0x65, 0x65, 0x7a, 0x65, 0x3b, 0x73,
  0x65, 0x71, 0x75, 0x65, 0x6e, 0x74, 0x69, 0x61, 0x6c, 0x5f, 0x31, 0x2f,
  0x63, 0x6f, 0x6e, 0x76, 0x31, 0x64, 0x5f, 0x31, 0x2f, 0x53, 0x71, 0x75,
  0x65, 0x65, 0x7a, 0x65, 0x3b, 0x73, 0x65, 0x71, 0x75, 0x65, 0x6e, 0x74,
  0x69, 0x61, 0x6c, 0x5f, 0x31, 0x2f, 0x63, 0x6f, 0x6e, 0x76, 0x31, 0x64,
  0x5f, 0x31, 0x2f, 0x63, 0x6f, 0x6e, 0x76, 0x6f, 0x6c, 0x75, 0x74, 0x69,
  0x6f, 0x6e, 0x31, 0x00, 0x04, 0x00, 0x00, 0x00, 0x01, 0x00, 0x00, 0x00,
  0x01, 0x00, 0x00, 0x00, 0x20, 0x00, 0x00, 0x00, 0x08, 0x00, 0x00, 0x00,
  0x36, 0xf6, 0xff, 0xff, 0x00, 0x00, 0x00, 0x01, 0x14, 0x00, 0x00, 0x00,
  0x24, 0x00, 0x00, 0x00, 0x24, 0x00, 0x00, 0x00, 0x19, 0x00, 0x00, 0x00,
  0x50, 0x00, 0x00, 0x00, 0x04, 0x00, 0x00, 0x00, 0xff, 0xff, 0xff, 0xff,
  0x01, 0x00, 0x00, 0x00, 0x20, 0x00, 0x00, 0x00, 0x0e, 0x00, 0x00, 0x00,
  0x88, 0xf5, 0xff, 0xff, 0x2c, 0x00, 0x00, 0x00, 0x73, 0x65, 0x71, 0x75,
  0x65, 0x6e, 0x74, 0x69, 0x61, 0x6c, 0x5f, 0x31, 0x2f, 0x63, 0x6f, 0x6e,
  0x76, 0x31, 0x64, 0x5f, 0x31, 0x2f, 0x63, 0x6f, 0x6e, 0x76, 0x6f, 0x6c,
  0x75, 0x74, 0x69, 0x6f, 0x6e, 0x2f, 0x45, 0x78, 0x70, 0x61, 0x6e, 0x64,
  0x44, 0x69, 0x6d, 0x73, 0x00, 0x00, 0x00, 0x00, 0x04, 0x00, 0x00, 0x00,
  0x01, 0x00, 0x00, 0x00, 0x01, 0x00, 0x00, 0x00, 0x20, 0x00, 0x00, 0x00,
  0x0e, 0x00, 0x00, 0x00, 0x5e, 0xfa, 0xff, 0xff, 0x00, 0x00, 0x00, 0x01,
  0x14, 0x00, 0x00, 0x00, 0x14, 0x00, 0x00, 0x00, 0x18, 0x00, 0x00, 0x00,
  0x00, 0x00, 0x00, 0x02, 0x1c, 0x00, 0x00, 0x00, 0xf0, 0xf5, 0xff, 0xff,
  0x0f, 0x00, 0x00, 0x00, 0x61, 0x72, 0x69, 0x74, 0x68, 0x2e, 0x63, 0x6f,
  0x6e, 0x73, 0x74, 0x61, 0x6e, 0x74, 0x31, 0x00, 0x00, 0x00, 0x00, 0x00,
  0x96, 0xfa, 0xff, 0xff, 0x00, 0x00, 0x00, 0x01, 0x14, 0x00, 0x00, 0x00,
  0x14, 0x00, 0x00, 0x00, 0x17, 0x00, 0x00, 0x00, 0x00, 0x00, 0x00, 0x02,
  0x1c, 0x00, 0x00, 0x00, 0x28, 0xf6, 0xff, 0xff, 0x0e, 0x00, 0x00, 0x00,
  0x61, 0x72, 0x69, 0x74, 0x68, 0x2e, 0x63, 0x6f, 0x6e, 0x73, 0x74, 0x61,
  0x6e, 0x74, 0x00, 0x00, 0x00, 0x00, 0x00, 0x00, 0x9a, 0xf7, 0xff, 0xff,
  0x00, 0x00, 0x00, 0x01, 0x10, 0x00, 0x00, 0x00, 0x10, 0x00, 0x00, 0x00,
  0x16, 0x00, 0x00, 0x00, 0x40, 0x00, 0x00, 0x00, 0x5c, 0xf6, 0xff, 0xff,
  0x32, 0x00, 0x00, 0x00, 0x73, 0x65, 0x71, 0x75, 0x65, 0x6e, 0x74, 0x69,
  0x61, 0x6c, 0x5f, 0x31, 0x2f, 0x62, 0x61, 0x74, 0x63, 0x68, 0x5f, 0x6e,
  0x6f, 0x72, 0x6d, 0x61, 0x6c, 0x69, 0x7a, 0x61, 0x74, 0x69, 0x6f, 0x6e,
  0x5f, 0x31, 0x5f, 0x32, 0x2f, 0x62, 0x61, 0x74, 0x63, 0x68, 0x6e, 0x6f,
  0x72, 0x6d, 0x2f, 0x6d, 0x75, 0x6c, 0x00, 0x00, 0x01, 0x00, 0x00, 0x00,
  0x10, 0x00, 0x00, 0x00, 0xf6, 0xf7, 0xff, 0xff, 0x00, 0x00, 0x00, 0x01,
  0x10, 0x00, 0x00, 0x00, 0x10, 0x00, 0x00, 0x00, 0x15, 0x00, 0x00, 0x00,
  0x40, 0x00, 0x00, 0x00, 0xb8, 0xf6, 0xff, 0xff, 0x32, 0x00, 0x00, 0x00,
  0x73, 0x65, 0x71, 0x75, 0x65, 0x6e, 0x74, 0x69, 0x61, 0x6c, 0x5f, 0x31,
  0x2f, 0x62, 0x61, 0x74, 0x63, 0x68, 0x5f, 0x6e, 0x6f, 0x72, 0x6d, 0x61,
  0x6c, 0x69, 0x7a, 0x61, 0x74, 0x69, 0x6f, 0x6e, 0x5f, 0x31, 0x5f, 0x32,
  0x2f, 0x62, 0x61, 0x74, 0x63, 0x68, 0x6e, 0x6f, 0x72, 0x6d, 0x2f, 0x73,
  0x75, 0x62, 0x00, 0x00, 0x01, 0x00, 0x00, 0x00, 0x10, 0x00, 0x00, 0x00,
  0x52, 0xf8, 0xff, 0xff, 0x00, 0x00, 0x00, 0x01, 0x10, 0x00, 0x00, 0x00,
  0x10, 0x00, 0x00, 0x00, 0x14, 0x00, 0x00, 0x00, 0x40, 0x00, 0x00, 0x00,
  0x14, 0xf7, 0xff, 0xff, 0x30, 0x00, 0x00, 0x00, 0x73, 0x65, 0x71, 0x75,
  0x65, 0x6e, 0x74, 0x69, 0x61, 0x6c, 0x5f, 0x31, 0x2f, 0x62, 0x61, 0x74,
  0x63, 0x68, 0x5f, 0x6e, 0x6f, 0x72, 0x6d, 0x61, 0x6c, 0x69, 0x7a, 0x61,
  0x74, 0x69, 0x6f, 0x6e, 0x5f, 0x31, 0x2f, 0x62, 0x61, 0x74, 0x63, 0x68,
  0x6e, 0x6f, 0x72, 0x6d, 0x2f, 0x6d, 0x75, 0x6c, 0x00, 0x00, 0x00, 0x00,
  0x01, 0x00, 0x00, 0x00, 0x08, 0x00, 0x00, 0x00, 0xae, 0xf8, 0xff, 0xff,
  0x00, 0x00, 0x00, 0x01, 0x10, 0x00, 0x00, 0x00, 0x10, 0x00, 0x00, 0x00,
  0x13, 0x00, 0x00, 0x00, 0x40, 0x00, 0x00, 0x00, 0x70, 0xf7, 0xff, 0xff,
  0x30, 0x00, 0x00, 0x00, 0x73, 0x65, 0x71, 0x75, 0x65, 0x6e, 0x74, 0x69,
  0x61, 0x6c, 0x5f, 0x31, 0x2f, 0x62, 0x61, 0x74, 0x63, 0x68, 0x5f, 0x6e,
  0x6f, 0x72, 0x6d, 0x61, 0x6c, 0x69, 0x7a, 0x61, 0x74, 0x69, 0x6f, 0x6e,
  0x5f, 0x31, 0x2f, 0x62, 0x61, 0x74, 0x63, 0x68, 0x6e, 0x6f, 0x72, 0x6d,
  0x2f, 0x73, 0x75, 0x62, 0x00, 0x00, 0x00, 0x00, 0x01, 0x00, 0x00, 0x00,
  0x08, 0x00, 0x00, 0x00, 0x0a, 0xf9, 0xff, 0xff, 0x00, 0x00, 0x00, 0x01,
  0x10, 0x00, 0x00, 0x00, 0x10, 0x00, 0x00, 0x00, 0x12, 0x00, 0x00, 0x00,
  0x40, 0x00, 0x00, 0x00, 0xcc, 0xf7, 0xff, 0xff, 0x32, 0x00, 0x00, 0x00,
  0x73, 0x65, 0x71, 0x75, 0x65, 0x6e, 0x74, 0x69, 0x61, 0x6c, 0x5f, 0x31,
  0x2f, 0x62, 0x61, 0x74, 0x63, 0x68, 0x5f, 0x6e, 0x6f, 0x72, 0x6d, 0x61,
  0x6c, 0x69, 0x7a, 0x61, 0x74, 0x69, 0x6f, 0x6e, 0x5f, 0x32, 0x5f, 0x31,
  0x2f, 0x62, 0x61, 0x74, 0x63, 0x68, 0x6e, 0x6f, 0x72, 0x6d, 0x2f, 0x6d,
  0x75, 0x6c, 0x00, 0x00, 0x01, 0x00, 0x00, 0x00, 0x20, 0x00, 0x00, 0x00,
  0x66, 0xf9, 0xff, 0xff, 0x00, 0x00, 0x00, 0x01, 0x10, 0x00, 0x00, 0x00,
  0x10, 0x00, 0x00, 0x00, 0x11, 0x00, 0x00, 0x00, 0x40, 0x00, 0x00, 0x00,
  0x28, 0xf8, 0xff, 0xff, 0x32, 0x00, 0x00, 0x00, 0x73, 0x65, 0x71, 0x75,
  0x65, 0x6e, 0x74, 0x69, 0x61, 0x6c, 0x5f, 0x31, 0x2f, 0x62, 0x61, 0x74,
  0x63, 0x68, 0x5f, 0x6e, 0x6f, 0x72, 0x6d, 0x61, 0x6c, 0x69, 0x7a, 0x61,
  0x74, 0x69, 0x6f, 0x6e, 0x5f, 0x32, 0x5f, 0x31, 0x2f, 0x62, 0x61, 0x74,
  0x63, 0x68, 0x6e, 0x6f, 0x72, 0x6d, 0x2f, 0x73, 0x75, 0x62, 0x00, 0x00,
  0x01, 0x00, 0x00, 0x00, 0x20, 0x00, 0x00, 0x00, 0xc2, 0xf9, 0xff, 0xff,
  0x00, 0x00, 0x00, 0x01, 0x10, 0x00, 0x00, 0x00, 0x10, 0x00, 0x00, 0x00,
  0x10, 0x00, 0x00, 0x00, 0x28, 0x00, 0x00, 0x00, 0x84, 0xf8, 0xff, 0xff,
  0x1b, 0x00, 0x00, 0x00, 0x73, 0x65, 0x71, 0x75, 0x65, 0x6e, 0x74, 0x69,
  0x61, 0x6c, 0x5f, 0x31, 0x2f, 0x64, 0x65, 0x6e, 0x73, 0x65, 0x5f, 0x31,
  0x2f, 0x4d, 0x61, 0x74, 0x4d, 0x75, 0x6c, 0x00, 0x02, 0x00, 0x00, 0x00,
  0x20, 0x00, 0x00, 0x00, 0x20, 0x00, 0x00, 0x00, 0x0a, 0xfa, 0xff, 0xff,
  0x00, 0x00, 0x00, 0x01, 0x10, 0x00, 0x00, 0x00, 0x10, 0x00, 0x00, 0x00,
  0x0f, 0x00, 0x00, 0x00, 0x2c, 0x00, 0x00, 0x00, 0xcc, 0xf8, 0xff, 0xff,
  0x1d, 0x00, 0x00, 0x00, 0x73, 0x65, 0x71, 0x75, 0x65, 0x6e, 0x74, 0x69,
  0x61, 0x6c, 0x5f, 0x31, 0x2f, 0x64, 0x65, 0x6e, 0x73, 0x65, 0x5f, 0x31,
  0x5f, 0x32, 0x2f, 0x4d, 0x61, 0x74, 0x4d, 0x75, 0x6c, 0x00, 0x00, 0x00,
  0x02, 0x00, 0x00, 0x00, 0x05, 0x00, 0x00, 0x00, 0x20, 0x00, 0x00, 0x00,
  0x56, 0xfa, 0xff, 0xff, 0x00, 0x00, 0x00, 0x01, 0x10, 0x00, 0x00, 0x00,
  0x10, 0x00, 0x00, 0x00, 0x0e, 0x00, 0x00, 0x00, 0x30, 0x00, 0x00, 0x00,
  0x18, 0xf9, 0xff, 0xff, 0x21, 0x00, 0x00, 0x00, 0x73, 0x65, 0x71, 0x75,
  0x65, 0x6e, 0x74, 0x69, 0x61, 0x6c, 0x5f, 0x31, 0x2f, 0x63, 0x6f, 0x6e,
  0x76, 0x31, 0x64, 0x5f, 0x31, 0x2f, 0x63, 0x6f, 0x6e, 0x76, 0x6f, 0x6c,
  0x75, 0x74, 0x69, 0x6f, 0x6e, 0x00, 0x00, 0x00, 0x04, 0x00, 0x00, 0x00,
  0x08, 0x00, 0x00, 0x00, 0x01, 0x00, 0x00, 0x00, 0x03, 0x00, 0x00, 0x00,
  0x0e, 0x00, 0x00, 0x00, 0xae, 0xfa, 0xff, 0xff, 0x00, 0x00, 0x00, 0x01,
  0x10, 0x00, 0x00, 0x00, 0x10, 0x00, 0x00, 0x00, 0x0d, 0x00, 0x00, 0x00,
  0x30, 0x00, 0x00, 0x00, 0x70, 0xf9, 0xff, 0xff, 0x23, 0x00, 0x00, 0x00,
  0x73, 0x65, 0x71, 0x75, 0x65, 0x6e, 0x74, 0x69, 0x61, 0x6c, 0x5f, 0x31,
  0x2f, 0x63, 0x6f, 0x6e, 0x76, 0x31, 0x64, 0x5f, 0x31, 0x5f, 0x32, 0x2f,
  0x63, 0x6f, 0x6e, 0x76, 0x6f, 0x6c, 0x75, 0x74, 0x69, 0x6f, 0x6e, 0x00,
  0x04, 0x00, 0x00, 0x00, 0x10, 0x00, 0x00, 0x00, 0x01, 0x00, 0x00, 0x00,
  0x03, 0x00, 0x00, 0x00, 0x08, 0x00, 0x00, 0x00, 0x06, 0xfb, 0xff, 0xff,
  0x00, 0x00, 0x00, 0x01, 0x10, 0x00, 0x00, 0x00, 0x10, 0x00, 0x00, 0x00,
  0x0c, 0x00, 0x00, 0x00, 0x30, 0x00, 0x00, 0x00, 0xc8, 0xf9, 0xff, 0xff,
  0x23, 0x00, 0x00, 0x00, 0x73, 0x65, 0x71, 0x75, 0x65, 0x6e, 0x74, 0x69,
  0x61, 0x6c, 0x5f, 0x31, 0x2f, 0x63, 0x6f, 0x6e, 0x76, 0x31, 0x64, 0x5f,
  0x32, 0x5f, 0x31, 0x2f, 0x63, 0x6f, 0x6e, 0x76, 0x6f, 0x6c, 0x75, 0x74,
  0x69, 0x6f, 0x6e, 0x00, 0x04, 0x00, 0x00, 0x00, 0x20, 0x00, 0x00, 0x00,
  0x01, 0x00, 0x00, 0x00, 0x03, 0x00, 0x00, 0x00, 0x10, 0x00, 0x00, 0x00,
  0x92, 0xfe, 0xff, 0xff, 0x00, 0x00, 0x00, 0x01, 0x14, 0x00, 0x00, 0x00,
  0x14, 0x00, 0x00, 0x00, 0x0b, 0x00, 0x00, 0x00, 0x00, 0x00, 0x00, 0x02,
  0x38, 0x00, 0x00, 0x00, 0x24, 0xfa, 0xff, 0xff, 0x29, 0x00, 0x00, 0x00,
  0x73, 0x65, 0x71, 0x75, 0x65, 0x6e, 0x74, 0x69, 0x61, 0x6c, 0x5f, 0x31,
  0x2f, 0x63, 0x6f, 0x6e, 0x76, 0x31, 0x64, 0x5f, 0x31, 0x2f, 0x63, 0x6f,
  0x6e, 0x76, 0x6f, 0x6c, 0x75, 0x74, 0x69, 0x6f, 0x6e, 0x2f, 0x53, 0x71,
  0x75, 0x65, 0x65, 0x7a, 0x65, 0x00, 0x00, 0x00, 0x01, 0x00, 0x00, 0x00,
  0x03, 0x00, 0x00, 0x00, 0xea, 0xfe, 0xff, 0xff, 0x00, 0x00, 0x00, 0x01,
  0x14, 0x00, 0x00, 0x00, 0x14, 0x00, 0x00, 0x00, 0x0a, 0x00, 0x00, 0x00,
  0x00, 0x00, 0x00, 0x02, 0x3c, 0x00, 0x00, 0x00, 0x7c, 0xfa, 0xff, 0xff,
  0x2e, 0x00, 0x00, 0x00, 0x73, 0x65, 0x71, 0x75, 0x65, 0x6e, 0x74, 0x69,
  0x61, 0x6c, 0x5f, 0x31, 0x2f, 0x6d, 0x61, 0x78, 0x5f, 0x70, 0x6f, 0x6f,
  0x6c, 0x69, 0x6e, 0x67, 0x31, 0x64, 0x5f, 0x31, 0x2f, 0x4d, 0x61, 0x78,
  0x50, 0x6f, 0x6f, 0x6c, 0x31, 0x64, 0x2f, 0x53, 0x71, 0x75, 0x65, 0x65,
  0x7a, 0x65, 0x00, 0x00, 0x01, 0x00, 0x00, 0x00, 0x03, 0x00, 0x00, 0x00,
  0x46, 0xff, 0xff, 0xff, 0x00, 0x00, 0x00, 0x01, 0x14, 0x00, 0x00, 0x00,
  0x14, 0x00, 0x00, 0x00, 0x09, 0x00, 0x00, 0x00, 0x00, 0x00, 0x00, 0x02,
  0x38, 0x00, 0x00, 0x00, 0xd8, 0xfa, 0xff, 0xff, 0x2b, 0x00, 0x00, 0x00,
  0x73, 0x65, 0x71, 0x75, 0x65, 0x6e, 0x74, 0x69, 0x61, 0x6c, 0x5f, 0x31,
  0x2f, 0x63, 0x6f, 0x6e, 0x76, 0x31, 0x64, 0x5f, 0x31, 0x5f, 0x32, 0x2f,
  0x63, 0x6f, 0x6e, 0x76, 0x6f, 0x6c, 0x75, 0x74, 0x69, 0x6f, 0x6e, 0x2f,
  0x53, 0x71, 0x75, 0x65, 0x65, 0x7a, 0x65, 0x00, 0x01, 0x00, 0x00, 0x00,
  0x03, 0x00, 0x00, 0x00, 0x9e, 0xff, 0xff, 0xff, 0x00, 0x00, 0x00, 0x01,
  0x14, 0x00, 0x00, 0x00, 0x14, 0x00, 0x00, 0x00, 0x08, 0x00, 0x00, 0x00,
  0x00, 0x00, 0x00, 0x02, 0x40, 0x00, 0x00, 0x00, 0x30, 0xfb, 0xff, 0xff,
  0x30, 0x00, 0x00, 0x00, 0x73, 0x65, 0x71, 0x75, 0x65, 0x6e, 0x74, 0x69,
  0x61, 0x6c, 0x5f, 0x31, 0x2f, 0x6d, 0x61, 0x78, 0x5f, 0x70, 0x6f, 0x6f,
  0x6c, 0x69, 0x6e, 0x67, 0x31, 0x64, 0x5f, 0x31, 0x5f, 0x32, 0x2f, 0x4d,
  0x61, 0x78, 0x50, 0x6f, 0x6f, 0x6c, 0x31, 0x64, 0x2f, 0x53, 0x71, 0x75,
  0x65, 0x65, 0x7a, 0x65, 0x00, 0x00, 0x00, 0x00, 0x01, 0x00, 0x00, 0x00,
  0x03, 0x00, 0x00, 0x00, 0x00, 0x00, 0x16, 0x00, 0x1c, 0x00, 0x18, 0x00,
  0x17, 0x00, 0x10, 0x00, 0x0c, 0x00, 0x08, 0x00, 0x00, 0x00, 0x00, 0x00,
  0x00, 0x00, 0x07, 0x00, 0x16, 0x00, 0x00, 0x00, 0x00, 0x00, 0x00, 0x01,
  0x14, 0x00, 0x00, 0x00, 0x14, 0x00, 0x00, 0x00, 0x07, 0x00, 0x00, 0x00,
  0x00, 0x00, 0x00, 0x02, 0x38, 0x00, 0x00, 0x00, 0xa8, 0xfb, 0xff, 0xff,
  0x2b, 0x00, 0x00, 0x00, 0x73, 0x65, 0x71, 0x75, 0x65, 0x6e, 0x74, 0x69,
  0x61, 0x6c, 0x5f, 0x31, 0x2f, 0x63, 0x6f, 0x6e, 0x76, 0x31, 0x64, 0x5f,
  0x32, 0x5f, 0x31, 0x2f, 0x63, 0x6f, 0x6e, 0x76, 0x6f, 0x6c, 0x75, 0x74,
  0x69, 0x6f, 0x6e, 0x2f, 0x53, 0x71, 0x75, 0x65, 0x65, 0x7a, 0x65, 0x00,
  0x01, 0x00, 0x00, 0x00, 0x03, 0x00, 0x00, 0x00, 0x3a, 0xfd, 0xff, 0xff,
  0x00, 0x00, 0x00, 0x01, 0x10, 0x00, 0x00, 0x00, 0x10, 0x00, 0x00, 0x00,
  0x06, 0x00, 0x00, 0x00, 0x2c, 0x00, 0x00, 0x00, 0xfc, 0xfb, 0xff, 0xff,
  0x1e, 0x00, 0x00, 0x00, 0x73, 0x65, 0x71, 0x75, 0x65, 0x6e, 0x74, 0x69,
  0x61, 0x6c, 0x5f, 0x31, 0x2f, 0x64, 0x65, 0x6e, 0x73, 0x65, 0x5f, 0x31,
  0x5f, 0x32, 0x2f, 0x42, 0x69, 0x61, 0x73, 0x41, 0x64, 0x64, 0x00, 0x00,
  0x01, 0x00, 0x00, 0x00, 0x05, 0x00, 0x00, 0x00, 0x82, 0xfd, 0xff, 0xff,
  0x00, 0x00, 0x00, 0x01, 0x10, 0x00, 0x00, 0x00, 0x10, 0x00, 0x00, 0x00,
  0x05, 0x00, 0x00, 0x00, 0xb0, 0x00, 0x00, 0x00, 0x44, 0xfc, 0xff, 0xff,
  0xa2, 0x00, 0x00, 0x00, 0x73, 0x65, 0x71, 0x75, 0x65, 0x6e, 0x74, 0x69,
  0x61, 0x6c, 0x5f, 0x31, 0x2f, 0x63, 0x6f, 0x6e, 0x76, 0x31, 0x64, 0x5f,
  0x31, 0x2f, 0x52, 0x65, 0x6c, 0x75, 0x3b, 0x73, 0x65, 0x71, 0x75, 0x65,
  0x6e, 0x74, 0x69, 0x61, 0x6c, 0x5f, 0x31, 0x2f, 0x63, 0x6f, 0x6e, 0x76,
  0x31, 0x64, 0x5f, 0x31, 0x2f, 0x42, 0x69, 0x61, 0x73, 0x41, 0x64, 0x64,
  0x3b, 0x73, 0x65, 0x71, 0x75, 0x65, 0x6e, 0x74, 0x69, 0x61, 0x6c, 0x5f,
  0x31, 0x2f, 0x63, 0x6f, 0x6e, 0x76, 0x31, 0x64, 0x5f, 0x31, 0x2f, 0x63,
  0x6f, 0x6e, 0x76, 0x6f, 0x6c, 0x75, 0x74, 0x69, 0x6f, 0x6e, 0x2f, 0x53,
  0x71, 0x75, 0x65, 0x65, 0x7a, 0x65, 0x3b, 0x73, 0x65, 0x71, 0x75, 0x65,
  0x6e, 0x74, 0x69, 0x61, 0x6c, 0x5f, 0x31, 0x2f, 0x63, 0x6f, 0x6e, 0x76,
  0x31, 0x64, 0x5f, 0x31, 0x2f, 0x53, 0x71, 0x75, 0x65, 0x65, 0x7a, 0x65,
  0x3b, 0x73, 0x65, 0x71, 0x75, 0x65, 0x6e, 0x74, 0x69, 0x61, 0x6c, 0x5f,
  0x31, 0x2f, 0x63, 0x6f, 0x6e, 0x76, 0x31, 0x64, 0x5f, 0x31, 0x2f, 0x63,
  0x6f, 0x6e, 0x76, 0x6f, 0x6c, 0x75, 0x74, 0x69, 0x6f, 0x6e, 0x00, 0x00,
  0x01, 0x00, 0x00, 0x00, 0x08, 0x00, 0x00, 0x00, 0x4e, 0xfe, 0xff, 0xff,
  0x00, 0x00, 0x00, 0x01, 0x10, 0x00, 0x00, 0x00, 0x10, 0x00, 0x00, 0x00,
  0x04, 0x00, 0x00, 0x00, 0xbc, 0x00, 0x00, 0x00, 0x10, 0xfd, 0xff, 0xff,
  0xac, 0x00, 0x00, 0x00, 0x73, 0x65, 0x71, 0x75, 0x65, 0x6e, 0x74, 0x69,
  0x61, 0x6c, 0x5f, 0x31, 0x2f, 0x63, 0x6f, 0x6e, 0x76, 0x31, 0x64, 0x5f,
  0x31, 0x5f, 0x32, 0x2f, 0x52, 0x65, 0x6c, 0x75, 0x3b, 0x73, 0x65, 0x71,
  0x75, 0x65, 0x6e, 0x74, 0x69, 0x61, 0x6c, 0x5f, 0x31, 0x2f, 0x63, 0x6f,
  0x6e, 0x76, 0x31, 0x64, 0x5f, 0x31, 0x5f, 0x32, 0x2f, 0x42, 0x69, 0x61,
  0x73, 0x41, 0x64, 0x64, 0x3b, 0x73, 0x65, 0x71, 0x75, 0x65, 0x6e, 0x74,
  0x69, 0x61, 0x6c, 0x5f, 0x31, 0x2f, 0x63, 0x6f, 0x6e, 0x76, 0x31, 0x64,
  0x5f, 0x31, 0x5f, 0x32, 0x2f, 0x63, 0x6f, 0x6e, 0x76, 0x6f, 0x6c, 0x75,
  0x74, 0x69, 0x6f, 0x6e, 0x2f, 0x53, 0x71, 0x75, 0x65, 0x65, 0x7a, 0x65,
  0x3b, 0x73, 0x65, 0x71, 0x75, 0x65, 0x6e, 0x74, 0x69, 0x61, 0x6c, 0x5f,
  0x31, 0x2f, 0x63, 0x6f, 0x6e, 0x76, 0x31, 0x64, 0x5f, 0x31, 0x5f, 0x32,
  0x2f, 0x53, 0x71, 0x75, 0x65, 0x65, 0x7a, 0x65, 0x3b, 0x73, 0x65, 0x71,
  0x75, 0x65, 0x6e, 0x74, 0x69, 0x61, 0x6c, 0x5f, 0x31, 0x2f, 0x63, 0x6f,
  0x6e, 0x76, 0x31, 0x64, 0x5f, 0x31, 0x5f, 0x32, 0x2f, 0x63, 0x6f, 0x6e,
  0x76, 0x6f, 0x6c, 0x75, 0x74, 0x69, 0x6f, 0x6e, 0x00, 0x00, 0x00, 0x00,
  0x01, 0x00, 0x00, 0x00, 0x10, 0x00, 0x00, 0x00, 0x26, 0xff, 0xff, 0xff,
  0x00, 0x00, 0x00, 0x01, 0x10, 0x00, 0x00, 0x00, 0x10, 0x00, 0x00, 0x00,
  0x03, 0x00, 0x00, 0x00, 0xbc, 0x00, 0x00, 0x00, 0xe8, 0xfd, 0xff, 0xff,
  0xac, 0x00, 0x00, 0x00, 0x73, 0x65, 0x71, 0x75, 0x65, 0x6e, 0x74, 0x69,
  0x61, 0x6c, 0x5f, 0x31, 0x2f, 0x63, 0x6f, 0x6e, 0x76, 0x31, 0x64, 0x5f,
  0x32, 0x5f, 0x31, 0x2f, 0x52, 0x65, 0x6c, 0x75, 0x3b, 0x73, 0x65, 0x71,
  0x75, 0x65, 0x6e, 0x74, 0x69, 0x61, 0x6c, 0x5f, 0x31, 0x2f, 0x63, 0x6f,
  0x6e, 0x76, 0x31, 0x64, 0x5f, 0x32, 0x5f, 0x31, 0x2f, 0x42, 0x69, 0x61,
  0x73, 0x41, 0x64, 0x64, 0x3b, 0x73, 0x65, 0x71, 0x75, 0x65, 0x6e, 0x74,
  0x69, 0x61, 0x6c, 0x5f, 0x31, 0x2f, 0x63, 0x6f, 0x6e, 0x76, 0x31, 0x64,
  0x5f, 0x32, 0x5f, 0x31, 0x2f, 0x63, 0x6f, 0x6e, 0x76, 0x6f, 0x6c, 0x75,
  0x74, 0x69, 0x6f, 0x6e, 0x2f, 0x53, 0x71, 0x75, 0x65, 0x65, 0x7a, 0x65,
  0x3b, 0x73, 0x65, 0x71, 0x75, 0x65, 0x6e, 0x74, 0x69, 0x61, 0x6c, 0x5f,
  0x31, 0x2f, 0x63, 0x6f, 0x6e, 0x76, 0x31, 0x64, 0x5f, 0x32, 0x5f, 0x31,
  0x2f, 0x53, 0x71, 0x75, 0x65, 0x65, 0x7a, 0x65, 0x3b, 0x73, 0x65, 0x71,
  0x75, 0x65, 0x6e, 0x74, 0x69, 0x61, 0x6c, 0x5f, 0x31, 0x2f, 0x63, 0x6f,
  0x6e, 0x76, 0x31, 0x64, 0x5f, 0x32, 0x5f, 0x31, 0x2f, 0x63, 0x6f, 0x6e,
  0x76, 0x6f, 0x6c, 0x75, 0x74, 0x69, 0x6f, 0x6e, 0x00, 0x00, 0x00, 0x00,
  0x01, 0x00, 0x00, 0x00, 0x20, 0x00, 0x00, 0x00, 0x00, 0x00, 0x16, 0x00,
  0x18, 0x00, 0x14, 0x00, 0x00, 0x00, 0x10, 0x00, 0x0c, 0x00, 0x08, 0x00,
  0x00, 0x00, 0x00, 0x00, 0x00, 0x00, 0x07, 0x00, 0x16, 0x00, 0x00, 0x00,
  0x00, 0x00, 0x00, 0x01, 0x10, 0x00, 0x00, 0x00, 0x10, 0x00, 0x00, 0x00,
  0x02, 0x00, 0x00, 0x00, 0x44, 0x00, 0x00, 0x00, 0xd8, 0xfe, 0xff, 0xff,
  0x36, 0x00, 0x00, 0x00, 0x73, 0x65, 0x71, 0x75, 0x65, 0x6e, 0x74, 0x69,
  0x61, 0x6c, 0x5f, 0x31, 0x2f, 0x64, 0x65, 0x6e, 0x73, 0x65, 0x5f, 0x31,
  0x2f, 0x52, 0x65, 0x6c, 0x75, 0x3b, 0x73, 0x65, 0x71, 0x75, 0x65, 0x6e,
  0x74, 0x69, 0x61, 0x6c, 0x5f, 0x31, 0x2f, 0x64, 0x65, 0x6e, 0x73, 0x65,
  0x5f, 0x31, 0x2f, 0x42, 0x69, 0x61, 0x73, 0x41, 0x64, 0x64, 0x00, 0x00,
  0x01, 0x00, 0x00, 0x00, 0x20, 0x00, 0x00, 0x00, 0x00, 0x00, 0x16, 0x00,
  0x1c, 0x00, 0x18, 0x00, 0x00, 0x00, 0x14, 0x00, 0x10, 0x00, 0x0c, 0x00,
  0x00, 0x00, 0x00, 0x00, 0x08, 0x00, 0x07, 0x00, 0x16, 0x00, 0x00, 0x00,
  0x00, 0x00, 0x00, 0x01, 0x14, 0x00, 0x00, 0x00, 0x20, 0x00, 0x00, 0x00,
  0x20, 0x00, 0x00, 0x00, 0x01, 0x00, 0x00, 0x00, 0x3c, 0x00, 0x00, 0x00,
  0x03, 0x00, 0x00, 0x00, 0xff, 0xff, 0xff, 0xff, 0x20, 0x00, 0x00, 0x00,
  0x0e, 0x00, 0x00, 0x00, 0x64, 0xff, 0xff, 0xff, 0x1d, 0x00, 0x00, 0x00,
  0x73, 0x65, 0x72, 0x76, 0x69, 0x6e, 0x67, 0x5f, 0x64, 0x65, 0x66, 0x61,
  0x75, 0x6c, 0x74, 0x5f, 0x69, 0x6e, 0x70, 0x75, 0x74, 0x5f, 0x6c, 0x61,
  0x79, 0x65, 0x72, 0x3a, 0x30, 0x00, 0x00, 0x00, 0x03, 0x00, 0x00, 0x00,
  0x01, 0x00, 0x00, 0x00, 0x20, 0x00, 0x00, 0x00, 0x0e, 0x00, 0x00, 0x00,
  0x09, 0x00, 0x00, 0x00, 0x8c, 0x00, 0x00, 0x00, 0x70, 0x00, 0x00, 0x00,
  0x60, 0x00, 0x00, 0x00, 0x58, 0x00, 0x00, 0x00, 0x44, 0x00, 0x00, 0x00,
  0x34, 0x00, 0x00, 0x00, 0x24, 0x00, 0x00, 0x00, 0x14, 0x00, 0x00, 0x00,
  0x04, 0x00, 0x00, 0x00, 0xa4, 0xff, 0xff, 0xff, 0x19, 0x00, 0x00, 0x00,
  0x00, 0x00, 0x00, 0x19, 0xb0, 0xff, 0xff, 0xff, 0x09, 0x00, 0x00, 0x00,
  0x00, 0x00, 0x00, 0x09, 0xbc, 0xff, 0xff, 0xff, 0x28, 0x00, 0x00, 0x00,
  0x00, 0x00, 0x00, 0x28, 0xc8, 0xff, 0xff, 0xff, 0x11, 0x00, 0x00, 0x00,
  0x00, 0x00, 0x00, 0x11, 0xd4, 0xff, 0xff, 0xff, 0x16, 0x00, 0x00, 0x00,
  0x00, 0x00, 0x00, 0x16, 0x04, 0x00, 0x04, 0x00, 0x04, 0x00, 0x00, 0x00,
  0xe8, 0xff, 0xff, 0xff, 0x12, 0x00, 0x00, 0x00, 0x00, 0x00, 0x00, 0x12,
  0xf4, 0xff, 0xff, 0xff, 0x03, 0x00, 0x00, 0x00, 0x00, 0x00, 0x00, 0x03,
  0x0c, 0x00, 0x0c, 0x00, 0x0b, 0x00, 0x00, 0x00, 0x00, 0x00, 0x04, 0x00,
  0x0c, 0x00, 0x00, 0x00, 0x46, 0x00, 0x00, 0x00, 0x00, 0x00, 0x00, 0x46
};
#endif
